time,seconds_elapsed,yaw,qx,qz,roll,qw,qy,pitch
1669498384336554200,0.02155419921875,-0.284458348955808,0.030031079292768482,-0.14126173382060597,0.02981562744768361,0.9894583360416561,0.01075299883093719,0.05642095858227209
1669498384346486000,0.031486083984375,-0.2844509840189923,0.02999055124476807,-0.14125904876070655,0.029803186497139943,0.9894597920289535,0.010752644438566213,0.05634087489964738
1669498384356418000,0.04141796875,-0.28445383047157824,0.02996656285655618,-0.14126076971905666,0.02981253755460059,0.9894602908637727,0.010760769580848255,0.05629102213495438
1669498384366350000,0.05135009765625,-0.2844464665164567,0.029966283514482543,-0.14125628600554707,0.029874020912722083,0.989460645862942,0.010791955361743207,0.05628176207163283
1669498384376282000,0.0612822265625,-0.28444439972454094,0.02993654135540886,-0.14125563686191878,0.029888238755260692,0.9894614896922731,0.01080343462033347,0.0562196279188423
1669498384386214100,0.071214111328125,-0.28444628307039843,0.02991050093520794,-0.1412566448005215,0.0299188701505496,0.9894619308900605,0.010822612737508048,0.05616259245506851
1669498384396146200,0.081146240234375,-0.28444291269231026,0.029900240257444727,-0.1412543261564984,0.029981482425330483,0.989462161282115,0.010855745806090798,0.05613294421975952
1669498384406078200,0.091078125,-0.28443572888596347,0.029868434825301823,-0.14125083342187877,0.030021157713197053,0.9894633741501775,0.010880446166485282,0.05606306414194166
1669498384416010200,0.10101025390625,-0.28442062545802765,0.02982682691831068,-0.14124386418604756,0.03004228403355726,0.9894654417127376,0.01089730118827862,0.05597610238372173
1669498384425942300,0.1109423828125,-0.2844090250903236,0.02977660662240335,-0.14123889991626137,0.03005569145834304,0.9894674919195634,0.010911445909200682,0.05587279310011831
1669498384435874300,0.120874267578125,-0.2844006325009056,0.02976673542981107,-0.14123503268030033,0.030048363609669133,0.9894683747353827,0.010909282025468543,0.05585397748402622
1669498384445806300,0.130806396484375,-0.28439928044618823,0.029760497745308843,-0.14123558746284492,0.029966997642306575,0.989468898265263,0.0108691173692145,0.0558529963851107
1669498384455738400,0.14073828125,-0.2844211111607267,0.029808801539223766,-0.14124659615319893,0.029883917343769446,0.9894664393717231,0.010819927559279009,0.05596226719967288
1669498384465670100,0.150670166015625,-0.2844344897051383,0.02984885951769519,-0.14125262859544424,0.029871564677317042,0.9894644759217809,0.010807749432248201,0.05604486137089622
1669498384475602200,0.160602294921875,-0.2844479079998739,0.02986773431897225,-0.14125849558085118,0.0299022390766544,0.9894629171179323,0.010820335663709362,0.056078490336259446
1669498384485534200,0.1705341796875,-0.2844376541034878,0.02989649022687882,-0.14125278753491577,0.029908715469793984,0.9894628743397189,0.010819620828396194,0.056135809255044924
1669498384495466200,0.18046630859375,-0.2844403392386414,0.029916284311628488,-0.14125368520795334,0.029913218734949464,0.9894621101532104,0.01081901393546836,0.05617514859333007
1669498384505399300,0.1903994140625,-0.28444330830806996,0.029923778354863182,-0.14125495421775486,0.0299165171927449,0.9894617933777351,0.010819560175188687,0.05618980112080736
1669498384515331300,0.200331298828125,-0.28443821714650525,0.029921129450934763,-0.14125241058780652,0.029922143226080188,0.9894621857832625,0.010822853357935456,0.05618369769511606
1669498384525263400,0.210263427734375,-0.2844272062453571,0.029928393270228757,-0.14124688731429802,0.029917261737865953,0.9894628157478239,0.010819501670236488,0.056199200806805155
1669498384535195100,0.220195068359375,-0.2844256207871917,0.029948129307108592,-0.14124559263966202,0.029927442415213015,0.9894623527553922,0.010821830028362761,0.05623766025913446
1669498384545127200,0.230127197265625,-0.284430302283812,0.029967063195010676,-0.14124745872828942,0.029934290999851395,0.9894614864238152,0.010822502245436842,0.056274905709044296
1669498384555059200,0.24005908203125,-0.284432159169777,0.029982853968757363,-0.1412480865692979,0.02993370572318641,0.9894609390376632,0.010819912673457912,0.05630689022485821
1669498384564991200,0.2499912109375,-0.284437188061504,0.029996008491822556,-0.1412506013988589,0.029913547644447466,0.9894603061656357,0.010807774781845072,0.056336305221239426
1669498384574923300,0.25992333984375,-0.2844464744493233,0.030005413536699888,-0.14125471764598185,0.029935577815170207,0.9894593233427046,0.010817414433888641,0.05635207082945365
1669498384584855000,0.26985498046875,-0.28445509733757945,0.030008846714965936,-0.14125878394605007,0.029945621148663337,0.9894585759955429,0.010821869387085799,0.05635748196988111
1669498384594787000,0.279787109375,-0.28446115492486446,0.03001373073795416,-0.1412613283172878,0.029971277286749275,0.9894580038874179,0.010834034313905477,0.05636363053029968
1669498384604719000,0.289718994140625,-0.28447077970415174,0.03001087582943553,-0.14126589942394527,0.029989626710494835,0.9894572974174208,0.010843571825819024,0.056355131310311654
1669498384614651100,0.299651123046875,-0.28447290767072136,0.03000378881831494,-0.14126710773940682,0.029988149346133905,0.9894573351895251,0.010843813624370034,0.056340992024996386
1669498384624583200,0.309583251953125,-0.284482712951456,0.029996550626339075,-0.1412714667061406,0.03003430366388482,0.9894566711779491,0.010868015960446783,0.05631966185742703
1669498384634515200,0.31951513671875,-0.28448267660046955,0.029982776455413418,-0.14127180155235852,0.03002823158854624,0.9894569965092188,0.010866929764499406,0.05629268033535328
1669498384644447000,0.329447021484375,-0.28447706078653656,0.029978462481080916,-0.14126917709477926,0.030022016454367008,0.9894576222487508,0.010864490687617676,0.05628491474184272
1669498384654379000,0.33937890625,-0.28448324994360696,0.0299779094022207,-0.14127245565291713,0.030007199242025835,0.9894572287598045,0.010857001527605221,0.05628584290787287
1669498384664311300,0.349311279296875,-0.2844897591586226,0.02998218440702101,-0.14127603674148428,0.029975157754399025,0.9894567413980861,0.01084011824110103,0.056298987020450886
1669498384674243300,0.359243408203125,-0.28448421406333213,0.029954911303430618,-0.14127388523736145,0.029970103687477465,0.9894578234900013,0.010841563130996481,0.0562446330970711
1669498384684175400,0.36917529296875,-0.2845067442889449,0.029906591585845823,-0.14128492403760218,0.030045651276725923,0.9894572205571499,0.010886326573294235,0.05613591665109042
1669498384694107400,0.379107421875,-0.28451461326501337,0.029876655220716926,-0.1412900721489757,0.029994630680181513,0.9894576969549503,0.010864755930068118,0.056082603059376894
1669498384704039200,0.3890390625,-0.2845219505661553,0.02986287388809508,-0.14129532298274058,0.02989537769261756,0.9894578229786235,0.0108165217008655,0.056068833295150236
1669498384713971200,0.39897119140625,-0.2845272656849278,0.029835409209545284,-0.1412984622849388,0.02989585786511534,0.9894581963943984,0.010820634169725434,0.056013187854335136
1669498384723903200,0.4089033203125,-0.284530307083596,0.0298193669064354,-0.14129971667232977,0.02993686141581786,0.9894582374249838,0.010843597707967322,0.05597486723709628
1669498384733835300,0.418835205078125,-0.284529982302313,0.029827831886621397,-0.14129943366781644,0.029934186822190973,0.9894580352578057,0.0108410359805518,0.05599236415622604
1669498384743767300,0.428767333984375,-0.2845298279604734,0.02983690144735728,-0.14129924186610376,0.02992988502797183,0.9894578398147731,0.010837563252766823,0.05601131564928289
1669498384753699300,0.43869921875,-0.2845362515742866,0.029831216726655525,-0.14130221325022202,0.029952795226062524,0.9894574829191637,0.010849855764044954,0.05599648319541679
1669498384763631000,0.448631103515625,-0.2845514574501688,0.029823976407788794,-0.14130985441297206,0.02995475598658498,0.9894565457938773,0.010851671301351878,0.05598139676479276
1669498384773563100,0.458563232421875,-0.28454786353132905,0.029823562310890978,-0.1413083736737336,0.029933231356394488,0.9894569049428323,0.010840914122370558,0.05598367458961813
1669498384783495200,0.4684951171875,-0.2845403113940885,0.029829408122807956,-0.14130500238005922,0.029898147825110532,0.9894574086936654,0.010822468101394069,0.05600058562874751
1669498384793427200,0.47842724609375,-0.2845550643928285,0.029836979081065074,-0.14131206932709542,0.029904956233389016,0.9894561274102155,0.010824609363003227,0.056014755533823124
1669498384803359200,0.488359130859375,-0.28454723815800276,0.029851073044338435,-0.1413074876500734,0.0299371232416331,0.9894562347912675,0.01083893536293868,0.05603874074385272
1669498384813291300,0.498291259765625,-0.284543979067973,0.029861259780383568,-0.14130564310017868,0.0299403818790405,0.9894561448210084,0.010839163486904838,0.05605890120354711
1669498384823223000,0.50822314453125,-0.28454007378123236,0.029863664505749597,-0.14130375218788702,0.029933686417394637,0.9894564107211101,0.010835492681590491,0.05606476342443349
1669498384833155000,0.518155029296875,-0.2845455868343762,0.029874692402184277,-0.14130618035879966,0.02993980223232097,0.9894557700893931,0.010836917641196972,0.05608612663971633
1669498384843087000,0.528087158203125,-0.2845614686597529,0.029869251037140856,-0.14131415117066448,0.029939099050307522,0.9894548004181526,0.010837119503649725,0.056075053514718046
1669498384853019100,0.53801904296875,-0.28457770247355924,0.029863784536892167,-0.14132242121470767,0.029929088538296043,0.9894538542635009,0.010832620899668736,0.05606525615694045
1669498384862951200,0.547951171875,-0.28457699639295053,0.029866374170421647,-0.14132202872894845,0.029929908805934987,0.9894537032601721,0.010832673850324125,0.05607037336107541
1669498384872883200,0.55788330078125,-0.28456942542856734,0.029858324637537608,-0.14131845520478645,0.029928619787505484,0.9894544313253584,0.010833286914662323,0.05605436655745967
1669498384882815200,0.567815185546875,-0.28456751771697597,0.029855571774731894,-0.14131769888070894,0.029918128881844547,0.9894547288751392,0.01082841241977094,0.05605032440335768
1669498384892747300,0.577747314453125,-0.2845658250051001,0.029854454737679753,-0.14131687070987853,0.029919310458963542,0.9894548403365423,0.010829193647366831,0.056047913892358095
1669498384902679300,0.58767919921875,-0.2845713459508364,0.029849574779195167,-0.14131972751265548,0.029916858208553113,0.9894545940763361,0.010828578543499986,0.05603833914021853
1669498384912611300,0.597611328125,-0.28457512068946716,0.029851048294313138,-0.14132129569474716,0.0299366302399137,0.9894542425156188,0.010838295759943876,0.05603845382233088
1669498384922543400,0.60754345703125,-0.2845825552607946,0.029860760427366056,-0.1413246374210788,0.029947783746523786,0.9894534355904246,0.010842426191403272,0.05605641335423234
1669498384932475100,0.61747509765625,-0.2845783421317667,0.029864706908310737,-0.14132239689409837,0.0299536946223715,0.9894536127877755,0.010844903017516162,0.056063593459465516
1669498384942407200,0.6274072265625,-0.28457640475253065,0.029862009028187524,-0.14132153865473635,0.029949973322006964,0.9894538431439516,0.010843439199565487,0.05605869301718261
1669498384952339200,0.637339111328125,-0.2845794656324439,0.02986490660764413,-0.14132286425593704,0.02995969162118934,0.9894535318074268,0.010847886011768199,0.056063129812954096
1669498384962271200,0.647271240234375,-0.2845876042243119,0.029866262531980683,-0.14132672751284966,0.029969845862255918,0.9894528877440624,0.010852702655624406,0.05606433121990329
1669498384972203300,0.657203369140625,-0.2845806488776761,0.029874070993991943,-0.14132297407993652,0.029981966143603708,0.9894531215011786,0.010857798481096541,0.05607846075821461
1669498384982135300,0.66713525390625,-0.28458493100293963,0.029877207737993454,-0.1413249232980319,0.02999032456314917,0.9894526811207001,0.010861507328004892,0.056083559147699094
1669498384992067000,0.677067138671875,-0.28458184533184905,0.02988329803178883,-0.14132316822321045,0.029998511536887335,0.9894527194885868,0.01086480929137615,0.05609473597002332
1669498385001999600,0.68699951171875,-0.2845852946123985,0.029883934115981833,-0.14132488130723259,0.0299973990460213,0.9894524390838019,0.010864107545395421,0.056096141295456516
1669498385011931600,0.696931640625,-0.2845786094468286,0.029884079686720372,-0.14132151168671103,0.030001791504070622,0.9894528841327997,0.010866399010078617,0.056095881105924034
1669498385021863400,0.706863525390625,-0.2845795127929005,0.0298817843346545,-0.14132207859656612,0.029995911664572748,0.9894529292051774,0.010863747222855515,0.056092072715750015
1669498385031795500,0.71679541015625,-0.2845851149097438,0.029882608379826255,-0.1413248484757051,0.029995115002589938,0.9894524957106456,0.010863147408560873,0.056093789570731
1669498385041727500,0.7267275390625,-0.2845803039466267,0.029880526839289746,-0.14132256644697802,0.029990169939278704,0.9894529693581265,0.010861017527569652,0.05609034486832336
1669498385051659500,0.736659423828125,-0.284575501300924,0.029886566677868508,-0.14131991301427455,0.030002600058545402,0.9894530539361917,0.010866493777975404,0.05610082851795112
1669498385061591600,0.746591552734375,-0.2845854405226781,0.02989394242534107,-0.14132449992145735,0.030016102965818657,0.9894521689150264,0.010872110139839668,0.056113704631720975
1669498385071523600,0.756523681640625,-0.28458757858716405,0.029899614480272736,-0.1413254554902364,0.03001611969272379,0.989451827261163,0.010871273575756346,0.056125142338866375
1669498385081456600,0.76645654296875,-0.2845834964146891,0.02990772095357861,-0.1413234238634873,0.03000545174126128,0.9894519627353359,0.010864780432528679,0.05614310009654389
1669498385091387400,0.776387451171875,-0.28458775531217684,0.029907400595729865,-0.14132549996451954,0.030008289781189478,0.9894516513528936,0.01086619903495007,0.05614199969793894
1669498385101320400,0.786320556640625,-0.2845922294068577,0.02990982931997484,-0.14132751617304298,0.030019007339020694,0.9894512769495464,0.0108711974070715,0.056145332130327685
1669498385111252500,0.79625244140625,-0.28459704149778536,0.029912934116922238,-0.14132987034171107,0.030017169798291003,0.9894508097872814,0.010869755691529674,0.05615181481840341
1669498385121184500,0.8061845703125,-0.2846061668506159,0.029917189093609582,-0.1413342115957199,0.03002408605763585,0.9894500240104526,0.01087250681757446,0.05615932779176479
1669498385131116500,0.816116455078125,-0.2845935808463418,0.02991259958857191,-0.14132812010999093,0.030020641375350203,0.9894510265857713,0.010871605710753886,0.05615067912950425
1669498385141048600,0.826048583984375,-0.2845886400695757,0.02991447084005049,-0.14132550023632356,0.030030858550355508,0.9894512922262175,0.010876565285455251,0.056153056929254576
1669498385150980400,0.83598046875,-0.28458854243759973,0.029921152566355948,-0.14132543200065634,0.030022846380580257,0.9894511682078111,0.010871561278765766,0.05616771096757808
1669498385160912600,0.84591259765625,-0.28460973459087824,0.02992691769489194,-0.14133561929437216,0.030037254034214825,0.9894494207306775,0.01087770681129685,0.05617707109512914
1669498385170844700,0.8558447265625,-0.2846225200141625,0.02992100041600556,-0.14134189566802685,0.030048263134544093,0.9894487317974169,0.010883933451416099,0.05616340189816868
1669498385180776700,0.865776611328125,-0.2846330156873009,0.029917226566370254,-0.1413472704076933,0.030040500946127487,0.9894480898251267,0.010880408213900225,0.05615676452918896
1669498385190708700,0.875708740234375,-0.28463263639094405,0.029923236010994295,-0.14134717605618308,0.03002573559546426,0.9894479625930612,0.010872095556289044,0.056171023459483396
1669498385200640800,0.885640869140625,-0.2846339290534567,0.029924757811069146,-0.14134814640935034,0.02999881495725056,0.9894479812235536,0.010858266434372075,0.0561779353029735
1669498385210572500,0.895572509765625,-0.28462783240481315,0.029921653789777347,-0.14134529421079745,0.029991539111438568,0.9894484688594681,0.010855125892931779,0.056172763532835214
1669498385220504600,0.905504638671875,-0.2846404021575228,0.02992163009176231,-0.14135121338277473,0.03001301650534426,0.9894475717376054,0.010865794120966752,0.056169513383457596
1669498385230436600,0.9154365234375,-0.28464202344776424,0.029918334555849448,-0.14135214357933523,0.030008531718366236,0.9894475274478804,0.010863980701200478,0.056163472133603724
1669498385240368600,0.92536865234375,-0.2846426158995131,0.029925542893607566,-0.14135232615752183,0.03000660274283134,0.9894473030191342,0.01086196243092177,0.05617831325956518
1669498385250300700,0.93530078125,-0.28463892788116163,0.029928444934145246,-0.141350236577051,0.03002197182781548,0.9894474333625023,0.010869357212911369,0.05618202463480421
1669498385260232700,0.945232666015625,-0.28465482600108905,0.02993884553240868,-0.14135788005505853,0.03002342814219686,0.9894460783281422,0.01086837185746412,0.056202670191540474
1669498385270164500,0.95516455078125,-0.2846769322584188,0.029946850208588303,-0.1413687701653506,0.030015366613049595,0.9894443862196194,0.010862837182312811,0.05621976437986184
1669498385280096500,0.965096435546875,-0.28468717973125124,0.029965784968427146,-0.14137354750740627,0.030010728483397534,0.9894431583469382,0.01085762848961853,0.056258590911902565
1669498385290028500,0.975028564453125,-0.2847048099791089,0.029971475579657257,-0.14138200844024698,0.03002240088463992,0.9894416897165832,0.010862453494661183,0.056268231135807534
1669498385299960600,0.984960693359375,-0.28471672970807926,0.029971240731370537,-0.14138784661409837,0.030027047747966808,0.9894408464392546,0.01086466400275939,0.05626696192990703
1669498385309892600,0.994892578125,-0.28472484625850697,0.029979368537575553,-0.14139142865598356,0.030047424763924052,0.9894399997960956,0.010873668174042693,0.05628039233210437
1669498385319824400,1.004824462890625,-0.2847189914045786,0.029987740092995107,-0.1413883804647926,0.030047041775607023,0.9894401717377161,0.01087235466871184,0.056297433656887816
1669498385329756400,1.01475634765625,-0.2847366740993484,0.029993442275776452,-0.14139711790624443,0.03004013073220288,0.9894387855331201,0.010867794386708693,0.05630975359107377
1669498385339688400,1.0246884765625,-0.28473452136744665,0.029984561106047778,-0.1413963940929645,0.030027586358617277,0.9894392060612891,0.010862768423833404,0.05629361552965981
1669498385349620500,1.034620361328125,-0.28472970617212856,0.029976827270091582,-0.1413941104651884,0.030031087090838807,0.9894397383943461,0.010865716150670071,0.056277533687122745
1669498385359552500,1.044552490234375,-0.284720423852724,0.029981871965119457,-0.1413891982086544,0.030047114628876853,0.9894402376012652,0.010873214601258833,0.05628554550124206
1669498385369484500,1.054484619140625,-0.28472942073647217,0.029978886786483937,-0.14139347205551211,0.030063698769377725,0.9894396866886608,0.010881888527293701,0.056277045886016445
1669498385379416600,1.06441650390625,-0.2847392175254968,0.029973350677358,-0.14139841796305938,0.03006429955161603,0.9894391306623457,0.01088284864599722,0.05626566008013148
1669498385389348600,1.0743486328125,-0.28475042553941043,0.029972085111758556,-0.1414039449810528,0.030068386615029405,0.9894382619934501,0.010884935569825996,0.05626238793246194
1669498385399280600,1.08428076171875,-0.2847613291950481,0.029978871625397054,-0.1414090904412138,0.030077048808612866,0.9894373027316176,0.010888178202768793,0.05627475056407299
1669498385409212700,1.094212646484375,-0.2847671006874034,0.029984166665595603,-0.14141187415742085,0.03007508284564246,0.9894367494540475,0.010886342381712238,0.056285671491366415
1669498385419144700,1.104144775390625,-0.2847715567413787,0.029976943370573706,-0.14141434548532206,0.030065705757661598,0.9894366513431513,0.010882583370100573,0.05627235989550436
1669498385429076700,1.11407666015625,-0.2847683809248138,0.02998347514160448,-0.14141243351176186,0.03008128770783653,0.9894366750235631,0.010889556221102102,0.05628337381866101
1669498385439008500,1.124008544921875,-0.28477206656604165,0.029981380273249543,-0.14141428384330718,0.03008170847308153,0.9894365258305936,0.01089001710165658,0.05627904188566428
1669498385448940500,1.1339404296875,-0.28477914601440957,0.02998793694886771,-0.14141761475070264,0.030085207955416613,0.9894358380010054,0.010890740595121216,0.056291718358967985
1669498385458872600,1.14387255859375,-0.28477453321433177,0.02998699895796451,-0.1414152673527514,0.030091079426210695,0.989436186983018,0.010893905296589058,0.05628903493053786
1669498385468804600,1.1538046875,-0.2847854445138821,0.02998202484585333,-0.1414206641956005,0.030099071128474278,0.9894354279203901,0.010898501020686617,0.05627771090343392
1669498385478736600,1.163736572265625,-0.2847847319443421,0.02998304926617346,-0.14142013245701085,0.030111005899008347,0.9894353840134943,0.010904389702253853,0.05627808208772959
1669498385488668700,1.173668701171875,-0.28477723621879125,0.029987216956853545,-0.14141622730530778,0.03011943262267003,0.9894357860138852,0.010908151364711023,0.056285386330627546
1669498385498600400,1.183600341796875,-0.2847812434109996,0.029991765656338917,-0.1414180549052016,0.030124725314615373,0.9894353366631736,0.01091011275857186,0.05629377933778741
1669498385508532500,1.193532470703125,-0.28478715017174877,0.029980903239469933,-0.1414213241997614,0.030114510294887337,0.9894352414414317,0.010906433360671125,0.05627321510041053
1669498385518464500,1.203464599609375,-0.284778141127659,0.02997167331359354,-0.1414169218554012,0.030123398382827814,0.989436081117699,0.01091237602489203,0.056253384467487816
1669498385528396500,1.213396484375,-0.2847682769928253,0.029972054672965938,-0.14141199674636312,0.030124961762336602,0.9894368794182865,0.01091324977201727,0.056254048405215716
1669498385538328600,1.22332861328125,-0.28479626575500305,0.02997589522047352,-0.14142565150673309,0.030134021782529344,0.9894347550016406,0.01091687441191606,0.05626020747531795
1669498385548260600,1.233260498046875,-0.2848048550849244,0.029971166075437018,-0.1414301001041175,0.030126308152074253,0.989434277615755,0.010913538143200976,0.05625165353496695
1669498385558192400,1.2431923828125,-0.28480008819067026,0.029980647543545444,-0.1414276741571796,0.030118132216647813,0.9894343791409973,0.010908114585129254,0.056272041494853126
1669498385568124400,1.25312451171875,-0.28480531810204374,0.02998029519401749,-0.14143044835470478,0.03010497381338661,0.9894340658810219,0.010901447468100112,0.056273152560989276
1669498385578056400,1.263056396484375,-0.28481469053157227,0.02998123986791377,-0.14143487645177558,0.030119401487805494,0.9894332878207014,0.010908463086529634,0.05627289383049773
1669498385587988700,1.27298876953125,-0.2848132854753416,0.02998565353191937,-0.1414339421867552,0.03013092436064694,0.9894332118260338,0.010913666193509062,0.05628018345635676
1669498385597920800,1.282920654296875,-0.28481313453846263,0.02998561161151222,-0.14143357886172242,0.03015124488127127,0.989433242880339,0.010923933267600123,0.05627720135483961
1669498385607852500,1.2928525390625,-0.2848105829276037,0.029980138940985317,-0.14143253763242203,0.030142866990961737,0.9894335765424035,0.010920526788551531,0.0562673624258907
1669498385617784600,1.30278466796875,-0.2848052766266187,0.02998863218591191,-0.14142957164421308,0.03015635405163952,0.9894336360439375,0.010926190532713455,0.05628265995282472
1669498385627716600,1.312716552734375,-0.2848052370240674,0.029995089554881338,-0.1414294152985746,0.030156982975273063,0.9894335045872411,0.010925579766904905,0.05629562705736053
1669498385637648600,1.322648681640625,-0.2847947582555605,0.03000645444744656,-0.14142393818826632,0.03016218114851438,0.9894339582637824,0.010926718687631521,0.05631797685483681
1669498385647580700,1.33258056640625,-0.284788062739519,0.030014498436977313,-0.14142039184695693,0.030167918748811886,0.9894342090304575,0.010928553943065413,0.05633349292211577
1669498385657512700,1.3425126953125,-0.2847924623817897,0.0300150989921406,-0.14142250527626704,0.030172550471032664,0.989433781672004,0.010930744096863093,0.05633399080963441
1669498385667444500,1.352444580078125,-0.2847868703766785,0.030010022425418153,-0.14142007732273823,0.030154906538298235,0.9894343639337144,0.010922645521670802,0.05632631140424011
1669498385677376500,1.36237646484375,-0.28477400350052734,0.030016852680618433,-0.14141365556749602,0.030148385659224803,0.9894352196683636,0.01091855334967616,0.056341200237244905
1669498385687308500,1.37230859375,-0.28478044953660553,0.030014685763350805,-0.14141694517543152,0.03014417719646306,0.9894348282366595,0.010916648523083501,0.05633734949558651
1669498385697240600,1.382240478515625,-0.28477674643568085,0.030023295546399754,-0.1414148963463426,0.03014806801812127,0.9894348418330561,0.010917427655400396,0.05635423912520607
1669498385707172600,1.392172607421875,-0.2847662455434158,0.03001780000895889,-0.1414097892647741,0.030149585990039713,0.9894356848895465,0.010919133883819432,0.05634302594660055
1669498385717104600,1.402104736328125,-0.2847688343483461,0.030016227206385252,-0.14141122060927414,0.030140908198895446,0.9894355610968364,0.010914942024407754,0.05634105731104753
1669498385727037700,1.41203759765625,-0.28477711314628384,0.030014983177197543,-0.1414153622239866,0.03013949585995514,0.9894349990407125,0.010914290192993989,0.05633865192783562
1669498385736969500,1.421969482421875,-0.2847948896692221,0.030012699311874096,-0.1414241169742389,0.030145620575804895,0.9894337930199543,0.010917457984941047,0.05633296393158718
1669498385746901500,1.431901611328125,-0.2847985939431755,0.03001609919767501,-0.14142581087825964,0.030151345211614725,0.989433391185984,0.010919806896164907,0.05633897589049609
1669498385756833500,1.44183349609375,-0.2848057768273066,0.030015214749818334,-0.14142928570905317,0.030158266465105818,0.9894328959368602,0.01092332627027537,0.05633612005099498
1669498385766765600,1.451765625,-0.284810167765997,0.030026131071109716,-0.14143078119934221,0.030192551150382517,0.9894321789510762,0.010939003792350781,0.05635323885585064
1669498385776697600,1.461697509765625,-0.2848172814135238,0.030030596026885053,-0.1414340013999462,0.030207877713750726,0.989431542556663,0.010945998369813529,0.05635999791212851
1669498385786629600,1.471629638671875,-0.2848242146796089,0.030027719343580277,-0.1414374305640407,0.0302121243186877,0.9894311022778728,0.010948457563986555,0.056353497873534476
1669498385796561400,1.4815615234375,-0.28482118385201693,0.030023064042488452,-0.14143627713305987,0.030193464259530886,0.9894314877228036,0.010939749105721045,0.05634678680690716
1669498385806493400,1.491493408203125,-0.2848359095689909,0.030034211205693995,-0.14144319174435904,0.030204921633336743,0.989430132404845,0.01094372097824033,0.05636752214710795
1669498385816425500,1.501425537109375,-0.28483929945352676,0.030030625772777576,-0.1414448754946115,0.030209472989775197,0.9894299707238569,0.010946486328122534,0.05635958562024807
1669498385826357500,1.511357421875,-0.28484617179253796,0.030028477276414948,-0.1414482707261272,0.030212334113942134,0.9894295873257674,0.01094814171033896,0.056354760727307406
1669498385836289500,1.52128955078125,-0.28483738338235765,0.030028365348428072,-0.14144409319589119,0.03019987286994664,0.9894302650279809,0.010941991260132318,0.05635641392479689
1669498385846221600,1.5312216796875,-0.28483863391477254,0.03002504439542169,-0.14144460614749327,0.03021256234382178,0.9894301874167303,0.010948858058500566,0.05634787023086899
1669498385856153600,1.541153564453125,-0.28484572975384065,0.030028811864040425,-0.14144794673309258,0.030219787620791437,0.9894295602710819,0.010951863212428019,0.05635437488832569
1669498385866085600,1.551085693359375,-0.28484170146824084,0.030038882812035657,-0.14144571693895214,0.03022308027937787,0.989429560077312,0.010952134546689975,0.05637430760076383
1669498385876017700,1.561017578125,-0.2848536146507065,0.03004466769944944,-0.14145170120392292,0.030208559036610436,0.9894286081503864,0.010943801451740105,0.05638794592852008
1669498385885949700,1.57094970703125,-0.28486054937832095,0.03004872621273046,-0.14145489182261667,0.030220493100123952,0.9894279693273034,0.010949144330982655,0.05639436757496053
1669498385895881700,1.5808818359375,-0.2848700988689406,0.03004091370901213,-0.1414597387537688,0.03022222749920696,0.9894275249742591,0.010951007581098503,0.056378222109029395
1669498385905813500,1.5908134765625,-0.28486594489932193,0.030044761942578498,-0.14145787051068193,0.030203651237999944,0.9894277319826946,0.010941134634986745,0.05638870042601662
1669498385915745500,1.60074560546875,-0.2848766158713598,0.030047311729304957,-0.14146306714504125,0.03020625835132985,0.9894268960346285,0.010941932304399334,0.05639336386653795
1669498385925677600,1.610677490234375,-0.28488297789340705,0.03005019968191932,-0.14146595171486578,0.03022115638231623,0.9894263518705717,0.010948947900522157,0.05639700372313941
1669498385935609600,1.620609619140625,-0.28489442536081905,0.03004933460266251,-0.14147157397593288,0.030225441030608834,0.9894255519066519,0.010951072621652,0.05639451553520463
1669498385945541600,1.630541748046875,-0.28489373974685017,0.030052202386711527,-0.141471363935646,0.030211789975623835,0.9894255938935015,0.010943777452425783,0.056402274027598454
1669498385955473700,1.6404736328125,-0.2848913048881765,0.030058492668358174,-0.14146988321922566,0.030222846025931626,0.9894255939672856,0.010948489094498168,0.056413438618994116
1669498385965405400,1.650405517578125,-0.2848917766615774,0.030059493708091852,-0.14146995711980248,0.030233825262170635,0.9894254205225932,0.010953882183419937,0.05641388226779384
1669498385975337500,1.66033740234375,-0.2848981403654259,0.03005158401628747,-0.14147321996198042,0.030236220987391958,0.9894252055533139,0.010956138719802031,0.05639748120276089
1669498385985269500,1.67026953125,-0.28490086945745136,0.03004746719437873,-0.14147471877783802,0.0302310510141664,0.989425147625312,0.010954081775343627,0.05638986821327965
1669498385995201500,1.680201416015625,-0.28491921685267857,0.030064142015786763,-0.1414831866237627,0.030251966278375963,0.9894233812491509,0.010961981247951036,0.056420386714333644
1669498386005133000,1.690133056640625,-0.2849191840249979,0.03007523262953611,-0.1414829207199515,0.0302554559342756,0.9894230002355463,0.010962148608664502,0.0564423037817554
1669498386015064800,1.70006494140625,-0.2849173484571019,0.03007249540459734,-0.1414821281537284,0.030251229103642918,0.9894231756489141,0.010960434767055913,0.05643739229715817
1669498386024997000,1.7099970703125,-0.2849269996121073,0.03007312994416332,-0.1414868929950166,0.03025106194350775,0.9894224846432921,0.010960121525472662,0.05643859249270415
1669498386034929200,1.71992919921875,-0.2849378244522116,0.030088077743126117,-0.14149175630155258,0.030265699333307788,0.9894213230129594,0.010965206593981692,0.056466600989855086
1669498386044861200,1.729861083984375,-0.28494169974801986,0.030084319439467103,-0.14149386169382488,0.03025709839519613,0.9894211936591021,0.010961349461517705,0.05646019124948393
1669498386054793200,1.739793212890625,-0.28495573539779623,0.030085481981425445,-0.14150077729469207,0.030257915195997378,0.989420138857275,0.010961394740004765,0.05646226715380555
1669498386064725200,1.749725341796875,-0.2849465823924395,0.03008544593067219,-0.14149627958859712,0.030255142368225824,0.9894208515289419,0.0109601300316934,0.05646269588573797
1669498386074657000,1.759656982421875,-0.28493705352187204,0.03008477776646928,-0.1414915120403893,0.030259741307554818,0.9894215431508264,0.010962683818932208,0.05646079410602725
1669498386084589000,1.769589111328125,-0.284936737397304,0.030078464251516033,-0.14149139810192196,0.03026546120282691,0.9894217119709252,0.010966484584552974,0.056447216122027036
1669498386094521000,1.77952099609375,-0.28494692745395345,0.030083021194404133,-0.14149632410367288,0.030267665756229016,0.9894208551444683,0.010966796844669249,0.05645599962932983
1669498386104453000,1.789453125,-0.2849425742532934,0.030080433765400996,-0.1414943561742104,0.030258550989292744,0.9894211739850501,0.010962629845160669,0.05645211488740255
1669498386114385200,1.79938525390625,-0.28493664230243054,0.03008648462623175,-0.1414911583930668,0.03026816128972475,0.9894215136872763,0.01096669514523793,0.05646304614893916
1669498386124317200,1.809317138671875,-0.2849401792969035,0.03009554015166345,-0.1414925144313458,0.03028540882461247,0.9894208455233671,0.010974050777060936,0.05647883929381152
1669498386134249000,1.8192490234375,-0.2849556798041465,0.030097409773837663,-0.14150025614255868,0.030277475709592303,0.9894197380541762,0.010969555355266551,0.05648358217019356
1669498386144181000,1.829180908203125,-0.28495667518486484,0.03010260716502057,-0.1415006878007824,0.030274165557341012,0.9894195931416477,0.01096712171713713,0.0564945550038728
1669498386154113000,1.839113037109375,-0.2849422450530935,0.030101245375718656,-0.14149357467005003,0.03027422797072609,0.98942063333393,0.010967555068139472,0.0564919520999178
1669498386164045000,1.849045166015625,-0.2849287761760648,0.03009890912374348,-0.14148679649041607,0.0302854563104456,0.9894216397692823,0.010973752091779884,0.05648577484622177
1669498386173977000,1.85897705078125,-0.2849333979121715,0.03009935890228999,-0.14148923971615968,0.030273280912335887,0.9894213593575372,0.010967474155000254,0.056488375052597795
1669498386183909000,1.8689091796875,-0.2849253923304498,0.030092082039789185,-0.14148542561664892,0.030272628885274162,0.9894221271949212,0.010968305972906796,0.056473846612184166
1669498386193841000,1.8788408203125,-0.2849090607058219,0.030100269949868422,-0.1414774791787397,0.030251178764796785,0.9894231588016803,0.010956530869356803,0.05649364903670986
1669498386203773000,1.88877294921875,-0.2849074143846177,0.030104291095022218,-0.14147657645575723,0.030252745656102725,0.9894230847926879,0.010956767528488825,0.05650156726103497
1669498386213705000,1.898705078125,-0.284924016750907,0.030108790575712762,-0.1414846633280132,0.03025597394092946,0.9894217662826471,0.01095751341833959,0.05651001685355404
1669498386223637000,1.908636962890625,-0.2849214082633071,0.030110089876022535,-0.14148321824272025,0.030265363720429327,0.9894218886282843,0.010962104450446937,0.05651132999049767
1669498386233569000,1.918569091796875,-0.2849216561764242,0.030113453147452687,-0.14148349251793046,0.030249496386741122,0.9894218503545289,0.010953605743189924,0.05652039638981098
1669498386243501300,1.928501220703125,-0.28492410874269475,0.0301167497421172,-0.14148460839636787,0.03025256324910156,0.9894215226091552,0.010954645295255423,0.056526591380697426
1669498386253433000,1.93843310546875,-0.28492591513005383,0.030114924307322943,-0.14148555411280594,0.030251033050578247,0.9894214793658899,0.010954109345667644,0.05652310189241241
1669498386263365000,1.948365234375,-0.284932518340521,0.030118832401651502,-0.14148846218357772,0.03027195127781755,0.9894208178080354,0.010964014347334232,0.0565279366709254
1669498386273297200,1.958297119140625,-0.28493267737876676,0.030110839890765642,-0.14148873419417518,0.030267983840537246,0.9894211391088911,0.010963158109996745,0.05651235155119209
1669498386283229200,1.968229248046875,-0.28493266849879645,0.0301090086154054,-0.14148878979777663,0.030266085725065412,0.9894212031002214,0.010962463312115436,0.05650892151719063
1669498386293161200,1.9781611328125,-0.28492942179158315,0.03011438852898171,-0.14148699410612306,0.030272657114025426,0.9894212369697937,0.010965053644364103,0.05651889184949506
1669498386303093000,1.988093017578125,-0.2849368901200535,0.030109902536318477,-0.14149074999559458,0.03027450069356926,0.9894208231207371,0.01096652329543064,0.05650947657213871
1669498386313025000,1.99802490234375,-0.2849336511944236,0.03010114486973939,-0.14148939889376053,0.030268869851772462,0.9894212523087166,0.010964986905298228,0.05649260985928429
1669498386322957000,2.00795703125,-0.2849435206936474,0.0301024714615045,-0.14149446171990543,0.030253829596035738,0.9894205851158411,0.010957061545549637,0.05649733410566548
1669498386332890000,2.01789013671875,-0.28496085289941797,0.03009943690863133,-0.14150304511369777,0.030257566998828492,0.9894194260093553,0.010959137958832164,0.056490472749141235
1669498386342822100,2.027822265625,-0.2849676209033428,0.03009805518131763,-0.14150620723103854,0.030272806257907996,0.9894189640439969,0.010966934163100777,0.056485426946021114
1669498386352754200,2.037754150390625,-0.2849638256349377,0.030102823280664062,-0.14150428203405713,0.03026968568933902,0.9894191073697043,0.010964726737672775,0.05649555397245018
1669498386362686200,2.047686279296875,-0.2849680097669014,0.030115257150841596,-0.1415063350326739,0.030254002956368195,0.9894184959100959,0.010954960204172326,0.05652288441840865
1669498386372618000,2.057617919921875,-0.28497547498331166,0.03011879217878739,-0.141509785866207,0.030266910108529742,0.989417817429841,0.010960861784363937,0.05652810125429598
1669498386382550000,2.067550048828125,-0.2849798614999139,0.03011818191513397,-0.14151197062871673,0.030266241552523224,0.9894175762813423,0.010960549099274988,0.05652691783030062
1669498386392482000,2.07748193359375,-0.28498385416854133,0.03012217487668716,-0.14151384411215995,0.03026805509934712,0.9894171885495221,0.010960833138321618,0.05653468683512584
1669498386402414000,2.0874140625,-0.28498790190430234,0.03011850993210531,-0.14151578713260976,0.03027733839343509,0.9894169874343006,0.010965989652154923,0.056525906325652686
1669498386412346000,2.09734619140625,-0.2849829163873739,0.030119994989865513,-0.1415132774340569,0.03027813928340306,0.9894173229583544,0.01096625128002552,0.056528850918632675
1669498386422278100,2.107278076171875,-0.2849987948173664,0.030119095454715684,-0.14152137715480662,0.03026205605881559,0.9894162439611599,0.010958034133120416,0.05652915453219417
1669498386432210000,2.1172099609375,-0.28500529214459563,0.03012070610687939,-0.1415245007392335,0.030266546770309738,0.989415718708002,0.01095997699594186,0.056531695778394286
1669498386442142000,2.127141845703125,-0.2850175433669145,0.030129422947679996,-0.141530241894944,0.030277360038743314,0.9894146275913126,0.010964006878340347,0.056547638116161474
1669498386452074000,2.137073974609375,-0.28501295219185824,0.030136594196343285,-0.14152758709422392,0.030295135744922715,0.9894147124737473,0.010972015074767083,0.05655964455708918
1669498386462006000,2.147006103515625,-0.28501371553663774,0.030138647272443315,-0.14152788711695552,0.030298825124956633,0.9894144979727872,0.010973572100677668,0.05656325277623175
1669498386471938000,2.15693798828125,-0.2850162608687675,0.0301329145307353,-0.14152926453668496,0.030298074307034656,0.9894144893381919,0.010973981585970473,0.056551743599020925
1669498386481870000,2.1668701171875,-0.28502667857634345,0.030126337956998334,-0.14153453811023353,0.0302982899591264,0.9894139595329215,0.010974888010682663,0.05653830395731452
1669498386491801900,2.1768017578125,-0.28504369366812243,0.03012358571155622,-0.14154300104036077,0.030298754938224388,0.9894128495098611,0.010975275896003651,0.05653248600177183
1669498386501734100,2.186734130859375,-0.28504706811943237,0.03012141539960741,-0.14154473212763008,0.03029715362633938,0.9894126907986622,0.010974731504766619,0.05652829118373018
1669498386511666200,2.196666259765625,-0.2850536988011219,0.03011188865077354,-0.14154818017656356,0.03029865177447907,0.9894124303445191,0.010976764784274878,0.056508741212607565
1669498386521598200,2.20659814453125,-0.2850518441343633,0.030102762925133357,-0.1415473969614745,0.030301094998717828,0.9894128460624413,0.010979337935702362,0.05648996681929445
1669498386531530200,2.2165302734375,-0.2850604807937476,0.030103692903956165,-0.1415515136812658,0.03031247094744755,0.989412042666068,0.010984825452428383,0.056490115020975507
1669498386541462300,2.226462158203125,-0.2850623594111781,0.030109784232209526,-0.14155216690836678,0.03032384422260042,0.9894117365120007,0.010989663968914622,0.05650078311575335
1669498386551394000,2.23639404296875,-0.2850602280235075,0.030107599718913018,-0.14155091294253147,0.030341511477473094,0.9894118749191738,0.010998928924658891,0.056493862276679324
1669498386561326000,2.246326171875,-0.2850639401783289,0.030104192524329335,-0.14155274844449128,0.030346013240352007,0.9894117245165079,0.011001639052917293,0.05648629127749214
1669498386571258000,2.256258056640625,-0.28506345649132236,0.030109155362764692,-0.14155237297761308,0.030349396137450343,0.9894115742190125,0.011002639893534769,0.05649584296348563
1669498386581190100,2.266190185546875,-0.28506090593610284,0.030112626874672133,-0.14155100844689028,0.0303521111712265,0.9894116428231082,0.011003547458995948,0.056502500319409434
1669498386591122200,2.2761220703125,-0.2850765901279409,0.030121725825364397,-0.14155831201920957,0.030372357874998427,0.9894102597717288,0.011012236123645682,0.056517826043374124
1669498386601054000,2.286053955078125,-0.2850837626778956,0.0301257759626956,-0.14156155231404077,0.030389397625528364,0.9894095650741833,0.011020154162375367,0.05652349458804942
1669498386610986000,2.295986083984375,-0.2850838416810862,0.030131321527150774,-0.14156148963128892,0.03038935450041964,0.9894093814793502,0.011019333195007888,0.0565347089225978
1669498386620918000,2.30591796875,-0.28508450102198113,0.03012840826008194,-0.14156185815871136,0.030389775307847013,0.9894094704580889,0.011019955189583333,0.05652875572317373
1669498386630850000,2.31585009765625,-0.2850865388303957,0.03013130909938886,-0.1415626721417555,0.03040021373714204,0.9894091781097212,0.01102477906262878,0.05653310158271292
1669498386640782000,2.325781982421875,-0.28508974081062016,0.030138503984404943,-0.14156391800209,0.030414521621107974,0.9894087408024549,0.011030921366497073,0.056545565982952205
1669498386650714000,2.335714111328125,-0.2850769184387002,0.030136903120226877,-0.14155776989673735,0.030402381979272218,0.9894097379417144,0.011025205592045801,0.0565442099621704
1669498386660646000,2.34564599609375,-0.2850810299849396,0.030139589707708307,-0.14155995990729078,0.03038721476177613,0.9894094372771308,0.01101710229637649,0.05655176610159485
1669498386670578000,2.355577880859375,-0.28508239603162167,0.030135465260499223,-0.1415609405498625,0.030370703156137716,0.9894095164627358,0.011009339859593188,0.05654577587311044
1669498386680510000,2.365510009765625,-0.28507512928418544,0.030129800899952593,-0.14155758233988386,0.030361427705459357,0.989410201351556,0.011005575930770391,0.056535731918190904
1669498386690442000,2.37544189453125,-0.28507142101057353,0.03013952188118206,-0.14155550260383437,0.03036547028147301,0.989410212818025,0.01100627049250032,0.05655484837774013
1669498386700374000,2.3853740234375,-0.2850762752115249,0.030140314490994934,-0.14155783371908554,0.03036925722084739,0.9894098629597665,0.01100799889551516,0.05655585668091143
1669498386710306000,2.39530615234375,-0.2850757703826729,0.030138719051349468,-0.14155778668311997,0.030357336136978937,0.9894099182402328,0.011002217354164196,0.056554338378089826
1669498386720238000,2.405238037109375,-0.2850777994641449,0.03013674814328027,-0.14155873334512448,0.030364142978506207,0.989409816456264,0.01100590872160211,0.05654935828855221
1669498386730170000,2.415170166015625,-0.28507595297366234,0.030141199474740095,-0.14155777622748744,0.03036091752120629,0.989409857717838,0.011003665694686856,0.05655884042131228
1669498386740102100,2.42510205078125,-0.28507005377721756,0.030142714378303685,-0.14155471266440584,0.030369299679301034,0.989410208105717,0.011007763929374251,0.056560769522401
1669498386750034200,2.4350341796875,-0.2850778700984094,0.030144091126643284,-0.14155847350876963,0.030375556612699472,0.9894095552814385,0.011010613518471858,0.056562567814396045
1669498386759966200,2.44496630859375,-0.2850687173004265,0.030136969686649508,-0.1415540420707082,0.030378846797450686,0.9894103340934433,0.011013430807135217,0.056547799090913314
1669498386769898200,2.454898193359375,-0.2850722001908157,0.030139033624201846,-0.14155567937564828,0.030381984011332647,0.989410048026307,0.01101466776535436,0.0565514856409828
1669498386779830000,2.464830078125,-0.285075904557408,0.030135172330470583,-0.14155749002822143,0.030388731418917007,0.9894098941282559,0.01101857720838817,0.05654267476755327
1669498386789762000,2.474761962890625,-0.28507732732754665,0.03013930368068763,-0.14155813125082173,0.030387349350077208,0.9894097073395033,0.011017264274066569,0.056551209930283335
1669498386799694000,2.484694091796875,-0.2850756690081043,0.030140003070268796,-0.14155754524008476,0.03036900110285135,0.9894098998802363,0.011007923173684913,0.05655526951135755
1669498386809626000,2.494626220703125,-0.28507957073080237,0.030143718121105608,-0.14155914831470592,0.030387377768769815,0.9894094912275825,0.011016610717364574,0.05656010913363828
1669498386819558100,2.50455810546875,-0.28507212563488277,0.030149547342445095,-0.14155531067251315,0.03039055102969547,0.9894098378777973,0.011017480188110683,0.05657152166280727
1669498386829490200,2.514490234375,-0.2850678098022838,0.03015086452690448,-0.1415529901714786,0.030402163474851727,0.9894100686878519,0.011023215244207326,0.05657257123412153
1669498386839422000,2.524421875,-0.2850491000507834,0.03015657004561447,-0.1415438329179211,0.030387326426935573,0.9894112426214206,0.011015170491226571,0.05658643367073187
1669498386849354000,2.53435400390625,-0.2850610458189698,0.030173789335973436,-0.14154942107568225,0.030386049116142885,0.9894100193009069,0.011011875878183853,0.056621299196983034
1669498386859286000,2.5442861328125,-0.2850685754786263,0.03018080389277677,-0.14155305513454736,0.030383612696577,0.9894092374612572,0.011009528930934855,0.05663574009722035
1669498386869218000,2.554218017578125,-0.2850673733924953,0.03017762715691392,-0.14155241795052925,0.03039127668504171,0.9894093650102103,0.011013872976528274,0.05662823378789825
1669498386879150000,2.564150146484375,-0.28507060301339343,0.030173110856697535,-0.14155417298198342,0.03038622567498164,0.9894092683337699,0.01101192673402263,0.056619789819249394
1669498386889081900,2.574081787109375,-0.2850659086514832,0.03017824942021991,-0.14155154320711777,0.030400792813253637,0.9894094733289941,0.011018608569477669,0.05662815014549698
1669498386899014000,2.584013916015625,-0.28507569318285053,0.030183005851674282,-0.14155621769260918,0.030406671261809466,0.9894085958635306,0.011020752272874468,0.05663681325996804
1669498386908946000,2.59394580078125,-0.28508860932171337,0.03018001978202994,-0.14156237329135996,0.030427693816353314,0.9894077182344236,0.011031611368835357,0.05662762651487683
1669498386918878000,2.6038779296875,-0.28508644604625255,0.030174901997361083,-0.14156135138795622,0.030431327525580743,0.9894079937651983,0.011034213651533566,0.05661678439729987
1669498386928810200,2.613810302734375,-0.2850907671060645,0.03017119138694795,-0.14156353139331304,0.030433168690612813,0.9894078120084941,0.011035615418711661,0.056608973312954315
1669498386938742300,2.6237421875,-0.28510584938641076,0.030168442163423983,-0.14157092464374044,0.03044201889198542,0.9894067951087232,0.011040264018059295,0.05660198115970642
1669498386948674000,2.633674072265625,-0.2851088536949285,0.030163288620076164,-0.14157227160487224,0.030459895749640347,0.9894066047112008,0.011049989290396356,0.0565889675365891
1669498386958606000,2.643606201171875,-0.28511962072437597,0.030156964776999483,-0.1415776702935312,0.030463340602009392,0.9894060247648621,0.011052485021655243,0.05657557142453136
1669498386968538000,2.6535380859375,-0.2851311997811959,0.030167031579009185,-0.14158317099145062,0.030466035295272205,0.9894049150724149,0.011052230899777391,0.05659540689469233
1669498386978470100,2.66347021484375,-0.28514354789812607,0.03017921367374861,-0.14158888065012554,0.03047842300780883,0.9894036424264548,0.011056555179295576,0.05661812176308314
1669498386988402200,2.673402099609375,-0.28515627158237555,0.03018628872101997,-0.14159496356420798,0.030484142682866595,0.9894025205804479,0.011058242516778411,0.0566314632233958
1669498386998334200,2.683334228515625,-0.28515287956261703,0.03020203925851532,-0.1415931202260141,0.03047359144282191,0.9894024303361878,0.011050695493717181,0.05666485656204091
1669498387008266000,2.693265869140625,-0.28514940492148044,0.030219075194050045,-0.14159120358827554,0.030463921427808585,0.9894022755400408,0.011043409790348926,0.05670072114179098
1669498387018198000,2.703197998046875,-0.28514120929127174,0.03022276521458108,-0.14158718433703393,0.03045610486317533,0.9894027880804431,0.011039049245887063,0.05670939145469214
1669498387028131000,2.713131103515625,-0.2851275468631637,0.03024000555207612,-0.14158024592658347,0.030444673198467324,0.9894033632026906,0.011030990691694477,0.0567460355102312
1669498387038063000,2.72306298828125,-0.2851416522938095,0.030259497765203976,-0.1415869329949776,0.030439202641913396,0.9894018114125517,0.011025220422377309,0.05678606385543607
1669498387047995100,2.7329951171875,-0.28514252794806216,0.03027423271625552,-0.14158734098515224,0.030420452809145102,0.9894014248728248,0.01101361960403749,0.05681852644345639
1669498387057927200,2.74292724609375,-0.2851443154521532,0.030290351005193405,-0.14158766151260965,0.030438957264117543,0.989400792896646,0.011020616026576722,0.05684844310250622
1669498387067859200,2.752859130859375,-0.28514962226655965,0.030296660872377337,-0.14159012927784542,0.030441842841114928,0.9894002153190063,0.011021088401539522,0.05686072576666173
1669498387077791000,2.762791015625,-0.28514191936398064,0.03031398297315841,-0.14158584739503044,0.030451527937068745,0.9894002877816214,0.0110235946309079,0.056894446358572444
1669498387087723000,2.772722900390625,-0.28513332741439046,0.030332011760456273,-0.14158124525008886,0.030451408235102135,0.9894004535505608,0.01102106153914717,0.056931009729868774
1669498387097655000,2.782655029296875,-0.2851490693877027,0.03034427080177789,-0.14158862724685917,0.030463355561021248,0.9893990172475216,0.011025101921326923,0.05695391102365368
1669498387107587000,2.792587158203125,-0.2851464800987722,0.03035301681828784,-0.141587170127287,0.030464487653109388,0.9893988998954517,0.0110244518653514,0.05697145516436616
1669498387117519000,2.80251904296875,-0.2851417453326538,0.030373278343018135,-0.1415842763535914,0.030475967534137446,0.9893986651243166,0.01102739861416865,0.057010827664770225
1669498387127451100,2.812451171875,-0.2851369180501658,0.030383434200324362,-0.14158167833240382,0.030476729595628534,0.9893987554095458,0.011026390412666735,0.057031305600979694
1669498387137383000,2.8223828125,-0.28512408167430026,0.030376400681153527,-0.1415755808132501,0.030468214319740977,0.9893998759997711,0.011023288635315886,0.057018447608480544
1669498387147315000,2.83231494140625,-0.28512696607386095,0.030382962643710827,-0.14157671869192687,0.03047966606532449,0.9893994895140394,0.011028083986992537,0.057030044877243016
1669498387157247000,2.8422470703125,-0.28513025536278175,0.03038373100324398,-0.1415781463280677,0.030493063846149884,0.9893991870218534,0.011034690437879762,0.05702964412677251
1669498387167179000,2.852178955078125,-0.2851293109343485,0.030395532197777773,-0.14157724766364332,0.03050788757183867,0.9893988742348631,0.01104048935078751,0.05705139050903158
1669498387177111000,2.862111083984375,-0.28513749524720755,0.030404854583563568,-0.1415809504428895,0.030520179098950388,0.9893979784494837,0.011045235255572678,0.057068385190574965
1669498387187043000,2.87204296875,-0.28514007683716375,0.03041357761472905,-0.1415819728267938,0.030526588780917747,0.9893975232819466,0.011047178379680493,0.0570850729701535
1669498387196975000,2.88197509765625,-0.28513584255728,0.03042755724796849,-0.14157958873874538,0.030527900918698475,0.9893974494881252,0.011045889004420922,0.05711319491244619
1669498387206907100,2.8919072265625,-0.28513554382276407,0.030422515415833316,-0.1415796355398875,0.03052086709390684,0.9893976321203668,0.011043067928762957,0.05710401208246897
1669498387216839200,2.901839111328125,-0.2851504115809077,0.03042048497651808,-0.14158711353657455,0.030515248514608094,0.9893966234140715,0.011040309416565957,0.05710054321372496
1669498387226771200,2.911771240234375,-0.2851573464771325,0.030418532361405126,-0.14159055861423678,0.030516942564008,0.9893961840983254,0.011041345894170874,0.05709627613117021
1669498387236703200,2.921703125,-0.28515680692760664,0.030414267943085337,-0.1415904573569085,0.030510951137840036,0.9893963546080388,0.011038942723107705,0.057088518232651334
1669498387246635000,2.931635009765625,-0.28517028652324483,0.030403355193797558,-0.14159719424193012,0.030521436992830896,0.9893956445731286,0.011045614215144054,0.057064804307273446
1669498387256567000,2.941567138671875,-0.2851783800276045,0.030403460723473406,-0.14160121935573233,0.030519845859707993,0.9893950723872623,0.011044679091383368,0.05706515481578198
1669498387266499000,2.9514990234375,-0.2851851832493295,0.030400237106795194,-0.14160443009815082,0.030534542013441898,0.9893947343156722,0.011052464521887217,0.05705646543161534
1669498387276431000,2.96143115234375,-0.28517588332717136,0.030405818215733453,-0.14159972520311614,0.03053414776836223,0.9893952504721544,0.011051595677235142,0.057067909343391864
1669498387286363100,2.971363037109375,-0.28517259070119977,0.03041018518912121,-0.14159794859982386,0.030538187990511823,0.989395405791395,0.011053053753412152,0.05707619996135095
1669498387296295200,2.981295166015625,-0.2851727030767946,0.030406717860706728,-0.14159809783978705,0.030536997719505753,0.9893954176390475,0.011052951029052537,0.057069354209959865
1669498387306227000,2.99122705078125,-0.28517820078088196,0.030400649697936575,-0.1416008975359168,0.030539873615680054,0.9893951660547621,0.011055197795885367,0.057056612370965126
1669498387316159000,3.001158935546875,-0.2851784946458274,0.030397823923464837,-0.14160116110900484,0.030535191000747905,0.9893952468518514,0.011053236205291429,0.05705156715789356
1669498387326091000,3.011091064453125,-0.28518646207673415,0.03040095390658682,-0.14160505175991933,0.030534526451668,0.9893946057188845,0.011052335154387414,0.05705790124147926
1669498387336023000,3.02102294921875,-0.2851931641550385,0.03040146045096654,-0.14160833968304593,0.030536051547933107,0.9893940934544074,0.011052935815673025,0.05705863083042442
1669498387345955000,3.030955078125,-0.2852052619043677,0.03039783195790973,-0.14161454097048765,0.030525324877112604,0.9893933987037209,0.011047868116233064,0.05705269715291867
1669498387355887000,3.04088720703125,-0.28520414333867156,0.03040153497589773,-0.1416139855321645,0.030520141915660035,0.9893934139228888,0.011044733961158713,0.057060938926424755
1669498387365819000,3.05081884765625,-0.2852154303948803,0.03040444783314158,-0.14161930874560508,0.030535131444808003,0.9893924691777132,0.011051720081550562,0.0570645549606159
1669498387375751000,3.0607509765625,-0.2852340568722187,0.03040564497712728,-0.14162840478818417,0.030542015070890122,0.9893911113187436,0.01105475471285944,0.05706578264252252
1669498387385683000,3.070682861328125,-0.28523227290219155,0.03041857828032733,-0.1416270643162073,0.030557147831269144,0.9893908245338837,0.011060558127921382,0.057089782264952794
1669498387395615000,3.080614990234375,-0.2852182901898301,0.030420987539427097,-0.14162011495991,0.030555959842314337,0.9893917566382037,0.011059812821902694,0.057094979670156115
1669498387405547300,3.09054736328125,-0.2852163768311683,0.030425248224002104,-0.14161907138864893,0.03055739495017083,0.9893917317669783,0.01105995162275562,0.05710340663238766
1669498387415479300,3.100479248046875,-0.28522447399242346,0.030421364280427028,-0.1416231338399111,0.03055910193314976,0.9893912231415861,0.01106125638542054,0.057095217426591516
1669498387425411000,3.1104111328125,-0.28522820851794745,0.03042337768683378,-0.14162493982475707,0.030559442203826403,0.989390890766209,0.011061084457685694,0.057099196525821516
1669498387435343000,3.120343017578125,-0.2852356178262277,0.030418701832684178,-0.14162865058838292,0.030562811652110552,0.9893904734470904,0.011063352404312289,0.05708917781483276
1669498387445275100,3.130275146484375,-0.28521798278497773,0.030422972279167963,-0.14162012788835265,0.030541454290433444,0.9893917582763503,0.011052207767218686,0.05710107083823822
1669498387455207200,3.140207275390625,-0.2852043546952964,0.03041292134211613,-0.14161363479791045,0.030537766264408184,0.9893929664087959,0.011051989952238576,0.05708142891059726
1669498387465139200,3.15013916015625,-0.28519497586245157,0.030410678508859947,-0.14160908617924906,0.030533937282673944,0.9893937352425677,0.011050514648505202,0.0570775496428725
1669498387475071000,3.160071044921875,-0.28520080244969565,0.03041062942223889,-0.14161198451206625,0.03053249894009438,0.9893933720616861,0.011049711250008705,0.057077593979537225
1669498387485003000,3.1700029296875,-0.2852037085923813,0.030410547250468666,-0.1416133505956612,0.03053804857510892,0.9893931235769551,0.011052483364370183,0.05707659931979085
1669498387494935000,3.17993505859375,-0.2852064784618268,0.030412087399488173,-0.14161471435640718,0.030536545658722134,0.9893928756189142,0.011051462943843796,0.05707989609975815
1669498387504867000,3.1898671875,-0.28521004320904075,0.03040905246283723,-0.14161642535182067,0.030544801816476397,0.9893926540090708,0.011056017307350858,0.057072537386135644
1669498387514799000,3.199799072265625,-0.285217468264643,0.030409571308027964,-0.141619605762989,0.03058005755584261,0.9893919546080234,0.011073636258558714,0.05706845418141533
1669498387524731100,3.209731201171875,-0.2852227832353944,0.030402902179326858,-0.14162235620550806,0.030580630428196698,0.9893917588095257,0.01107480944526305,0.057054830123276924
1669498387534663000,3.219662841796875,-0.28522814320682105,0.03040380819916925,-0.14162484645054485,0.030591213360169754,0.9893913019081789,0.01107994512367937,0.05705508573594414
1669498387544595000,3.229594970703125,-0.2852326742071581,0.030406281259512863,-0.14162713133303628,0.030584566118756585,0.9893909488290308,0.011076167431141776,0.05706098693126905
1669498387554527000,3.23952685546875,-0.28523977647402626,0.030415217471891978,-0.1416304349944993,0.030587276504644417,0.9893901997083829,0.01107614641881198,0.05707858559668116
1669498387564459000,3.249458984375,-0.28524020011263296,0.030423728382324884,-0.1416303923467966,0.030592713263398054,0.9893900161436328,0.01107765874320712,0.05709501497613405
1669498387574391000,3.25939111328125,-0.28523677609083503,0.030431720622623774,-0.14162863613169052,0.030585613866385454,0.9893901130834531,0.01107297216869785,0.057112230237897695
1669498387584323000,3.269322998046875,-0.2852349253699266,0.03042843577608505,-0.1416275843677388,0.030601233749365436,0.9893901483898737,0.011081359287385968,0.057103365543457456
1669498387594254800,3.2792548828125,-0.28522950987263473,0.03042763049792351,-0.14162465698590895,0.030620021032584606,0.9893905090226691,0.011091038764312847,0.05709911025944004
1669498387604187100,3.289187255859375,-0.2852402498641884,0.030433572639563807,-0.1416299011948967,0.030616629498355686,0.989389617672351,0.011088315579122415,0.05711148942285969
1669498387614119200,3.299119140625,-0.2852323829318937,0.030434376594038106,-0.1416260978372036,0.03060880040060009,0.9893902081039999,0.011084360143688741,0.057114325565877914
1669498387624051200,3.30905126953125,-0.28521855935102775,0.030431620958395095,-0.1416193898763576,0.03060311646919271,0.9893912797832568,0.011082086565564597,0.05710972316232688
1669498387633983200,3.318983154296875,-0.28521181204883245,0.030432570311861497,-0.14161615519974483,0.03059454244802104,0.9893917353581082,0.01107771833901174,0.05711294362253505
1669498387643915300,3.328915283203125,-0.28521003799615585,0.03044111172150372,-0.14161502769797796,0.030600325762865224,0.9893916437840309,0.011079433485098222,0.05712940569605191
1669498387653847000,3.338846923828125,-0.2852018351661813,0.030432040594908488,-0.1416113816059106,0.030583047407527694,0.9893925449944657,0.011072134361670668,0.057113633099912485
1669498387663779000,3.348779052734375,-0.28519373677557464,0.030432394557368608,-0.141607267845317,0.030589993896709994,0.989393109864671,0.011075707194231212,0.05711344681061101
1669498387673711000,3.358711181640625,-0.28519482251538836,0.030435484869093383,-0.1416077472135103,0.03059023588546,0.9893929095173745,0.01107536895210744,0.05711964496563104
1669498387683643100,3.36864306640625,-0.285201977161473,0.03044539127669996,-0.14161094835527768,0.030600396846849846,0.9893921516669182,0.0110789689176199,0.05713814115659805
1669498387693575200,3.3785751953125,-0.28521441816714654,0.03044563580593839,-0.14161706171742255,0.03060353187151779,0.9893912115865929,0.011080337400709475,0.0571380445662944
1669498387703507200,3.388507080078125,-0.28522074605942394,0.0304587789346631,-0.14161979071569658,0.03061380978803396,0.989390414594329,0.01108354210762005,0.057163076098993786
1669498387713439000,3.39843896484375,-0.28522723059690275,0.030464233294133895,-0.14162272939654594,0.030625770083067733,0.9893897552256175,0.011088701686356905,0.05717231743429544
1669498387723371000,3.40837109375,-0.28524034162769574,0.030474359808823164,-0.14162896150883905,0.03063073244591076,0.9893884657063811,0.011089559826165128,0.05719192774467461
1669498387733303000,3.418302978515625,-0.28524875629202306,0.030468059276954826,-0.14163328842138967,0.030627875964167106,0.9893880376746095,0.01108890375067063,0.05717950388335323
1669498387743235000,3.428235107421875,-0.28525593049043146,0.030468488022788193,-0.1416369419994559,0.030619716803254784,0.989387556722683,0.011084618853641516,0.05718145893392083
1669498387753167000,3.4381669921875,-0.28525670787746465,0.03046568436551822,-0.1416375678629999,0.03060641020253381,0.9893876067067583,0.011078293187328617,0.05717768603527976
1669498387763099000,3.448098876953125,-0.2852497660399524,0.030461308021308368,-0.14163427235274245,0.030602393449378196,0.9893882373325874,0.01107699568107951,0.057169491824121885
1669498387773031000,3.458031005859375,-0.28525214927133347,0.030458145782947546,-0.14163547586030126,0.030604956635740893,0.989388154982073,0.011078710852254085,0.057162705838936755
1669498387782964000,3.4679638671875,-0.28527654465318486,0.030455889729944178,-0.14164772541403953,0.030594769781682893,0.9893865749602878,0.011073540166980547,0.057159333277625644
1669498387792896000,3.47789599609375,-0.2852880250372803,0.030454230591345253,-0.14165346645631616,0.030592464953471638,0.9893858429363009,0.011072449633178286,0.05715618229497815
1669498387802828000,3.487828125,-0.2853076080508623,0.03044854965312013,-0.1416633160979774,0.030589023884272912,0.989384605531905,0.011071248270310443,0.057144969613322126
1669498387812760000,3.497760009765625,-0.28531154858331,0.030429809649546585,-0.14166580714325672,0.03057620121433202,0.9893848665866894,0.011067417308234545,0.05710887475212869
1669498387822692000,3.507692138671875,-0.2853211892488375,0.030431291873697155,-0.14167050665453096,0.03058000461884267,0.9893840509084735,0.011068985661128228,0.05711121349947146
1669498387832623900,3.517623779296875,-0.28531455441955805,0.030431599194792203,-0.1416671207655177,0.030586931038279593,0.9893844950785688,0.011072534118062687,0.05711091772539555
1669498387842556000,3.527555908203125,-0.2853030024569576,0.030428680907342017,-0.14166163008866242,0.03057426359828147,0.9893854858569675,0.011066725001149351,0.05710696440921818
1669498387852488000,3.537488037109375,-0.28530230300783155,0.030420994141649713,-0.14166145551765202,0.03057238743209085,0.9893857713577332,0.011066895074624689,0.05709170223584923
1669498387862420000,3.547419921875,-0.2853108500389265,0.030418052944904534,-0.14166549389447453,0.030590092619774037,0.989385200736362,0.011076134804295675,0.05708312630816338
1669498387872352000,3.55735205078125,-0.2853016358079098,0.030406631912745095,-0.14166121235962562,0.030586006959147653,0.9893861707812107,0.011075850181964372,0.057060724711577276
1669498387882284300,3.5672841796875,-0.28530686620933055,0.030393071267985197,-0.14166425180447256,0.03057321071134794,0.9893861174680508,0.011071268402233221,0.05703507713879323
1669498387892216000,3.577216064453125,-0.28530028097498256,0.030395127971219158,-0.14166083752475248,0.030581042084357014,0.9893865589376641,0.011075020535385772,0.057038191327394724
1669498387902148000,3.587148193359375,-0.28528668598178003,0.030388907270981685,-0.14165424323525744,0.0305800615929022,0.9893876997168024,0.011075617342304772,0.05702590831959397
1669498387912080100,3.597080078125,-0.2852720413859311,0.030388392807492007,-0.1416471163576625,0.03057251120354751,0.989388738453817,0.011072090387542106,0.057026110807227234
1669498387922012200,3.60701220703125,-0.2852731066307259,0.030391661801541445,-0.14164777357821498,0.030558674176709565,0.9893886109319481,0.011064617978659121,0.057034687959042873
1669498387931944200,3.616944091796875,-0.28528216357677405,0.030401290872991635,-0.14165202619484157,0.030561230702500046,0.989387759519907,0.011064390805608289,0.05705369114030393
1669498387941876200,3.626876220703125,-0.2852790129797359,0.030398970129244304,-0.14165046372167403,0.030564547182792536,0.989388051461842,0.011066444848291732,0.05704856097564417
1669498387951808000,3.63680810546875,-0.28528128699544614,0.030400101231261408,-0.14165149738644608,0.030569638847120575,0.98938783615336,0.011068819959437978,0.05705009282051207
1669498387961740000,3.646739990234375,-0.2852895254533304,0.030407578031451967,-0.14165560326906484,0.030558232481214795,0.9893869723251709,0.011061866011484369,0.05706674152776182
1669498387971672000,3.656672119140625,-0.28529799777194587,0.03040791942327446,-0.14165966066410404,0.030567373262306515,0.9893863436347325,0.011066309835743063,0.057066028884602944
1669498387981604000,3.66660400390625,-0.2852953905548953,0.030407003347999065,-0.14165805822043376,0.030590248491274077,0.9893865726150506,0.011078028276082605,0.05706093726081955
1669498387991536000,3.6765361328125,-0.28528198283307266,0.030408527979408913,-0.1416511910035867,0.03060527300939542,0.9893873922973941,0.011085587846476716,0.057062016273484485
1669498388001467600,3.686467529296875,-0.28528161617859193,0.030414527898859123,-0.1416508105401023,0.03061120010061705,0.9893872431311327,0.011087721303663856,0.057073302084966714
1669498388011399700,3.696399658203125,-0.28526882038090295,0.030419332778157025,-0.14164420740523814,0.030624189818928536,0.9893879639573174,0.011093772029839358,0.05708129906125721
1669498388021331700,3.706331787109375,-0.2852567675117206,0.030430300619071933,-0.14163791020902805,0.030632552609794146,0.9893885318245134,0.011096587884544725,0.05710241297819636
1669498388031263700,3.716263671875,-0.2852591112866295,0.030424477034554392,-0.14163954978020277,0.030606165140322043,0.989388604311806,0.011084070155207393,0.057094390363082254
1669498388041195500,3.726195556640625,-0.2852650977229613,0.030429475626263015,-0.14164235983219112,0.030609963772474307,0.9893880542056928,0.011085181581860944,0.057103886315411106
1669498388051127600,3.73612744140625,-0.28527195003227984,0.030435957146802584,-0.1416454508461535,0.030622560755661728,0.9893873476668277,0.011090509290482914,0.05711510926156242
1669498388061059800,3.746059814453125,-0.2852800011494593,0.030438946603669827,-0.1416494670780517,0.030616103601082075,0.9893867146058194,0.011086702403333926,0.05712198680273834
1669498388070992000,3.755991943359375,-0.28527257413071083,0.030427928636306185,-0.14164604622353338,0.03061288667471652,0.9893875749501678,0.011086772281616164,0.05710025772767791
1669498388080924000,3.765923828125,-0.2852685823132942,0.030430842288447123,-0.14164393118995577,0.030619961023940323,0.989387643604999,0.011089982699460661,0.05710517280513
1669498388090856000,3.77585595703125,-0.2852603272056331,0.030435394753469715,-0.14163969699291112,0.030624497384634658,0.9893880780233273,0.0110917363975685,0.05711381877716945
1669498388100787700,3.78578759765625,-0.28527414694311115,0.030435677318376538,-0.14164655061954254,0.030623177868658154,0.9893870773240935,0.011090830361786359,0.05711442261700024
1669498388110719700,3.7957197265625,-0.2852883871781755,0.030435527662939083,-0.14165365632279706,0.030619013715990503,0.9893860971378805,0.011088544074812755,0.05711455714259491
1669498388120651800,3.80565185546875,-0.2852864362975018,0.030439287437256046,-0.141652620786346,0.03061884488031605,0.9893861333326994,0.011087945330566857,0.05712220414634523
1669498388130583800,3.815583740234375,-0.28529898317820473,0.030446228060334694,-0.14165876362978896,0.030613901304376953,0.9893850744950045,0.011084268500053833,0.05713680288814661
1669498388140515800,3.825515869140625,-0.28530847163497525,0.03044734490118158,-0.14166340578994588,0.030616063628583375,0.9893843747546647,0.011085062414361496,0.057138645408734305
1669498388150447900,3.83544775390625,-0.2853107871128986,0.030446712820917606,-0.14166456194627988,0.03061508590396248,0.9893843477613581,0.011084625599989491,0.05713748926770156
1669498388160379600,3.845379638671875,-0.28531121500511986,0.03045132986937421,-0.14166439510678266,0.030635608226211246,0.9893841557996434,0.011094315626573443,0.057143882316870426
1669498388170311700,3.855311767578125,-0.2853244892097696,0.030451921861704707,-0.1416709881065362,0.03063424671163621,0.9893830736355866,0.011093352356686079,0.057145116484271966
1669498388180243700,3.86524365234375,-0.28532682772038176,0.030459220337779605,-0.1416720301998038,0.03063215838270956,0.9893827397764958,0.011091212500486627,0.057160145857876085
1669498388190175700,3.87517578125,-0.28533217477939654,0.030473068797605873,-0.14167430773882603,0.03063934536945969,0.9893819664026601,0.011092768647282796,0.057187054091714144
1669498388200107800,3.885107666015625,-0.28534131679408825,0.030470693763024272,-0.14167879334751593,0.030645290691920422,0.989381373110716,0.011095980584875731,0.0571812992537039
1669498388210039800,3.895039794921875,-0.28535189721611054,0.03045811808578267,-0.14168417803592004,0.030651775638326918,0.9893809713047786,0.011100913961069592,0.057154829794264866
1669498388219971600,3.9049716796875,-0.2853495577111685,0.03046695801060489,-0.14168278159081854,0.03065686443404495,0.9893808584734775,0.011102243415174698,0.057171997349141995
1669498388229903600,3.914903564453125,-0.28534854997624143,0.030462476910171093,-0.1416824138870122,0.030654184217075824,0.9893810071582835,0.011101550801482904,0.05716332964501664
1669498388239835600,3.924835693359375,-0.28533370217506454,0.030466919623344593,-0.1416749449104326,0.030655965933446203,0.9893820183877226,0.01110202389911253,0.05717222865517383
1669498388249767700,3.934767578125,-0.28533112210944284,0.0304693793188304,-0.1416735955776704,0.03065814148582281,0.9893820881102008,0.01110280544012155,0.057176916233743574
1669498388259699700,3.94469970703125,-0.28533322388960775,0.030476483450463197,-0.14167444537836854,0.030661894333772456,0.9893817384592863,0.011103646269683156,0.05719071776347028
1669498388269631700,3.9546318359375,-0.28534944282863445,0.03048270967983582,-0.14168231270980947,0.030664695109698773,0.9893804011980457,0.01110392912783081,0.05720272123705359
1669498388279563800,3.964563720703125,-0.2853387640549545,0.030486530672715888,-0.14167692184020364,0.03066709478282504,0.9893810422640156,0.011104744384068003,0.05721022213973203
1669498388289495800,3.974495849609375,-0.28533396457428123,0.030500805174634493,-0.14167416166367763,0.030674663379620718,0.9893809978508827,0.011106578092393954,0.05723805255188942
1669498388299427800,3.984427734375,-0.2853474483198924,0.0305023450125631,-0.14168068818392762,0.03068299525369721,0.9893799708055947,0.011110368125928319,0.05723982084228068
1669498388309359900,3.99435986328125,-0.2853513666190152,0.03048780242066712,-0.14168289006541696,0.030684271055230875,0.9893800894048177,0.011113051125300036,0.05721019408184837
1669498388319292000,4.0042919921875,-0.2853406466264849,0.030494348673919914,-0.14167750824710812,0.03068084252267641,0.9893806700926449,0.011110531739973263,0.057224039116558816
1669498388329223700,4.0142236328125,-0.28533473559869177,0.030510222608242044,-0.1416743107018331,0.030678495826162326,0.9893806506781949,0.011107145183042467,0.05725653250548399
1669498388339155700,4.02415576171875,-0.2853407649067882,0.030508203362318336,-0.14167727089767632,0.030683247279609454,0.9893802334211169,0.011109748183103306,0.0572517001916443
1669498388349087700,4.034087646484375,-0.2853354147534849,0.030505264762592695,-0.1416747009659638,0.030680807952656836,0.9893808021884222,0.011109016587546778,0.05724617545620106
1669498388359019800,4.044019775390625,-0.28534883171789344,0.03051609831003326,-0.14168118033962546,0.030676993317665477,0.9893795925959822,0.011105335499126059,0.05726847430510036
1669498388368951800,4.053951904296875,-0.28535545746962326,0.030540227626174893,-0.14168412195312752,0.030667494783338762,0.9893785151727735,0.011096966862508165,0.057318542825843644
1669498388378883800,4.0638837890625,-0.2853610367665133,0.0305444080103252,-0.1416867066891216,0.03067410906761793,0.9893780059437198,0.011099623105159554,0.0573259858330893
1669498388388815600,4.073815673828125,-0.2853598886596483,0.03054480614997899,-0.14168616267718864,0.030671851551634068,0.9893780814620498,0.01109844255660478,0.057327126753361525
1669498388398747600,4.08374755859375,-0.28536506702803244,0.030559421362126533,-0.1416884734337696,0.03067027055318824,0.9893772513730891,0.011095463795539556,0.05735683761381384
1669498388408679700,4.0936796875,-0.2853693108075097,0.03057192035508739,-0.14169017155368596,0.030681903269387995,0.9893765524015458,0.011099474626471432,0.05738039179073805
1669498388418611700,4.10361181640625,-0.2853620254273093,0.030583202554441007,-0.14168623315359424,0.03068924265277505,0.9893768315946246,0.011101659315966954,0.057402237870499404
1669498388428543700,4.113543701171875,-0.2853604220987266,0.03059167419072509,-0.1416852075791597,0.030693654289153802,0.9893767488896097,0.011102688839757246,0.057418754337606334
1669498388438475800,4.123475830078125,-0.2853594543095243,0.030595775111565915,-0.14168451993571102,0.030703843051260664,0.9893765734265474,0.01110725687617153,0.05742559040870938
1669498388448407600,4.133407470703125,-0.28536369814134793,0.030608076535016997,-0.14168623630113159,0.030714486129859102,0.9893758748950351,0.011110796510490272,0.057448886381076945
1669498388458339600,4.143339599609375,-0.28537455366957554,0.030620847186100985,-0.14169105084897926,0.03073583978022024,0.9893747689363841,0.011119579472669045,0.05747153004800654
1669498388468271600,4.153271728515625,-0.2853795612220725,0.03063021652090559,-0.14169317466226589,0.03074773088384004,0.989374164261307,0.01112416002236127,0.05748871565769454
1669498388478203600,4.16320361328125,-0.2853860193121086,0.030639851245562816,-0.14169617556026998,0.030749306207690813,0.9893733295306056,0.011123473939908455,0.05750788855112416
1669498388488136000,4.173135986328125,-0.2853722203853226,0.030645413094928325,-0.14168930139596886,0.030744536155524034,0.9893742091026108,0.011120464110035711,0.05751997378480291
1669498388498068000,4.18306787109375,-0.2853815766519877,0.030652679867449264,-0.141693576833195,0.030759755392469508,0.9893732987666104,0.01112696511292996,0.05753238022297044
1669498388507999700,4.192999755859375,-0.2853956789875931,0.03065617136488892,-0.1417003942156066,0.030766449153494448,0.9893721759346886,0.011129636790225755,0.05753832112961789
1669498388517931800,4.202931884765625,-0.28540204125459584,0.030666434982521723,-0.14170330887411808,0.030768724277468896,0.9893714545558081,0.011129213716815235,0.057558674678867786
1669498388527863800,4.21286376953125,-0.2853985567573243,0.030671158603350887,-0.1417017083765286,0.030753323798034117,0.9893716247727729,0.01112080793497001,0.05757046933991703
1669498388537795800,4.2227958984375,-0.28538715094281475,0.030667783532492655,-0.14169617542812582,0.03074993183294042,0.9893725531068339,0.011119747396799648,0.05756426120721379
1669498388547728000,4.232727783203125,-0.2853889910897018,0.0306770187471462,-0.14169668989724582,0.0307654368541309,0.9893721160856065,0.011126218118246347,0.05758069054959068
1669498388557659600,4.24265966796875,-0.2853869752601268,0.030687620336225744,-0.14169555081241342,0.03076102867418695,0.9893719642463157,0.011122494026244814,0.05760277640275053
1669498388567591700,4.252591796875,-0.285381991993161,0.030696307573531458,-0.14169285451051475,0.030765621517488913,0.9893720448339413,0.01112363357154337,0.057619736354399084
1669498388577523700,4.262523681640625,-0.28537634238323306,0.030698667220446965,-0.14168993006679742,0.03077168248767014,0.9893723464774825,0.011126435940355235,0.05762370151876703
1669498388587455700,4.272455810546875,-0.2853673345170827,0.03070953530679102,-0.14168518446333675,0.030775995703928687,0.9893727998374235,0.011127177609297871,0.05764516560725768
1669498388597387800,4.2823876953125,-0.2853839578612862,0.030711297037725297,-0.14169337572682889,0.03077676257977568,0.9893714896443889,0.01112706958954843,0.05764842488325205
1669498388607319800,4.29231982421875,-0.2853918916317018,0.030720596697032462,-0.14169681225723982,0.030798482497521866,0.9893706303058537,0.011136579906250662,0.0576640280069683
1669498388617251600,4.30225146484375,-0.2854042233441825,0.03072695179432071,-0.14170283246728888,0.03079576687172175,0.9893695627252296,0.011134113560624978,0.05767712415258212
1669498388627183600,4.31218359375,-0.28540642990931814,0.03072467798080336,-0.14170394542410922,0.030797319633135162,0.989369473500261,0.01113519306178308,0.05767228060979479
1669498388637116700,4.32211669921875,-0.28539470753619084,0.030726197747932088,-0.14169811022951828,0.030797725187459928,0.98937025777952,0.011135349479319427,0.05767542688317247
1669498388647048700,4.332048583984375,-0.28538508784431565,0.030739280865790357,-0.14169281787974303,0.030817795204654237,0.989370486527164,0.011143737452917248,0.05769910926916592
1669498388656980700,4.341980712890625,-0.2853743940200104,0.030746950057846858,-0.141687225852229,0.03082809723265451,0.9893710509180011,0.011147989044158285,0.057713262719131415
1669498388666912800,4.351912841796875,-0.2853799640131325,0.030745412145921216,-0.14168985796179356,0.030839030375386735,0.9893706658635572,0.011153649570581098,0.057708525259936645
1669498388676844800,4.3618447265625,-0.2853793541908394,0.030742486514131827,-0.14168992877542919,0.030816648081963122,0.9893708521838406,0.011142779500540202,0.057705821926569555
1669498388686776600,4.371776611328125,-0.28536570065459604,0.03074330360321475,-0.14168336185609448,0.03080177922540774,0.9893718746870299,0.01113535326942685,0.05770975885284993
1669498388696708600,4.38170849609375,-0.2853758702545266,0.030741887258551738,-0.14168867021085235,0.030783726867829823,0.9893712878025229,0.011126294472591246,0.057709368372724175
1669498388706640600,4.391640625,-0.2853907585348328,0.030742066985720535,-0.14169603723259716,0.030783649147897656,0.9893702093931138,0.01112601257118368,0.05770957399708345
1669498388716572700,4.40157275390625,-0.2854012650279688,0.030742002284122744,-0.1417012895476784,0.030780302434277065,0.9893694374135344,0.011124179389332686,0.05770980153763434
1669498388726504700,4.411504638671875,-0.2854033400806709,0.030742309331483274,-0.14170199655489052,0.03080277255158816,0.9893691956625436,0.011135450016776956,0.05770718000564964
1669498388736436700,4.421436767578125,-0.28540125059175153,0.03074871784183055,-0.14170092047265692,0.030797065433526307,0.989369169025307,0.011131675465035285,0.057720975783118175
1669498388746368800,4.43136865234375,-0.28540818529756146,0.030746445561547157,-0.14170458044627493,0.030783706344701837,0.9893688078371978,0.01112515682712771,0.05771821869150606
1669498388756300800,4.44130078125,-0.28540996231777993,0.030743555590212926,-0.1417055709302382,0.030779841712339974,0.9893687681519017,0.011123596277107043,0.05771290915426011
1669498388766232800,4.45123291015625,-0.28542017471968434,0.030743954731389644,-0.14171047336641157,0.030789237625934926,0.9893680870641689,0.011128133303467787,0.05771226103842596
1669498388776164900,4.461164794921875,-0.2854295349184747,0.03075846558546469,-0.14171483656051953,0.030788476331929195,0.9893670047034467,0.011125521138743301,0.05774159973391412
1669498388786097000,4.471096923828125,-0.2854409240777126,0.030757458429093144,-0.14172032763148473,0.030800094834533196,0.9893661933686572,0.011131366382322056,0.05773777158893582
1669498388796029000,4.48102880859375,-0.2854463158374905,0.030753206181965233,-0.14172320129115307,0.03079141342207214,0.9893659478591773,0.011127517609593796,0.05773035702091779
1669498388805960700,4.490960693359375,-0.2854530262202696,0.030756358808962374,-0.14172633025832881,0.030800607363944067,0.989365363060006,0.011131607284179968,0.057735338687354205
1669498388815892700,4.500892822265625,-0.28544566087581064,0.030757411140873287,-0.14172281729149278,0.030789564848395595,0.9893659161394055,0.011125987459343432,0.05773913243781763
1669498388825824800,4.51082470703125,-0.285423244909944,0.030754452838135146,-0.1417118548711071,0.03078446267628464,0.9893676017937021,0.011124164535530487,0.057734134700392174
1669498388835756800,4.5207568359375,-0.28542351275870426,0.030756149112501154,-0.1417119349631804,0.030785698779610765,0.9893675481569016,0.011124540124018267,0.05773738506211716
1669498388845688800,4.530688720703125,-0.2854136402050439,0.030753630092109404,-0.1417073853057533,0.030765377886826827,0.9893683755480107,0.011114787249983684,0.05773531336083587
1669498388855620600,4.54062060546875,-0.2854121663494709,0.0307487044754056,-0.14170689855852697,0.03075504508647167,0.9893686358848331,0.011110301787543513,0.057726850835843294
1669498388865552600,4.550552734375,-0.2854077036344062,0.03074436072324736,-0.14170489232774403,0.030746922634979405,0.9893690709167706,0.011106892093191118,0.05771928075343166
1669498388875484700,4.560484619140625,-0.28541613908842617,0.030747328877722586,-0.14170901078998216,0.03074680616328366,0.9893683883389153,0.01110628259733158,0.057725203097954446
1669498388885416700,4.570416748046875,-0.28542045500151947,0.03075057380105469,-0.14171109284815608,0.030746463495855268,0.989367958962378,0.011105579242357846,0.057731761563754175
1669498388895348700,4.5803486328125,-0.285420308291339,0.03075044868443071,-0.14171091640172873,0.030754067046756896,0.9893679441413202,0.011109438430795197,0.05773042098693784
1669498388905280800,4.59028076171875,-0.28542848359986245,0.03075028450806809,-0.1417148068835679,0.03076505183106499,0.9893673613599561,0.011114888911307002,0.057728425690242675
1669498388915212500,4.600212646484375,-0.28542944671617065,0.03075305012574059,-0.1417148534422321,0.030791868913398506,0.9893671266555517,0.011128016059111897,0.057730164916895844
1669498388925144600,4.61014453125,-0.2854256477766071,0.030751768410437117,-0.14171301812659304,0.030790287475632942,0.9893674565480252,0.01112745756201938,0.057727844306132786
1669498388935076600,4.62007666015625,-0.2854287212974553,0.030742173807683883,-0.14171499883669164,0.030770898918297568,0.9893675567666853,0.01111900661543758,0.057711188727117675
1669498388945008600,4.630008544921875,-0.2854393748066992,0.030742817526414085,-0.14172038323422326,0.030762124709486943,0.9893667959573607,0.011114328686122102,0.05771362593239513
1669498388954940700,4.639940673828125,-0.285442325879959,0.030741064920401344,-0.14172193689854634,0.03075813242607134,0.9893666226553387,0.011112522817679878,0.05771061965840925
1669498388964873000,4.649873046875,-0.28543914247631075,0.030734747780330723,-0.14172043902405163,0.030761107440162718,0.9893670394393412,0.011114981646588844,0.05769745979705641
1669498388974804700,4.6598046875,-0.2854431323866265,0.030743435674093753,-0.14172203889855003,0.030775919610906328,0.9893664519784062,0.011121149927827787,0.05771285640680496
1669498388984736800,4.66973681640625,-0.28544047095746067,0.03074319165132444,-0.14172067899156537,0.03077927822118916,0.9893666407421301,0.011122919590946178,0.057711912237116435
1669498388994668800,4.679668701171875,-0.28544704793708603,0.03073069947798385,-0.1417240316204376,0.030790040419840188,0.9893664328269293,0.011130058635148703,0.057685037927502514
1669498389004601600,4.6896015625,-0.2854555166051865,0.03071918129034998,-0.14172839236351065,0.030793935958076606,0.9893661274790061,0.011133562591078023,0.05766109765644432
1669498389014533400,4.699533447265625,-0.28545556440131375,0.03070869533858295,-0.1417286232328059,0.030793933993861083,0.9893663860845153,0.011135072661554364,0.05763989624458441
1669498389024465400,4.70946533203125,-0.2854550977676662,0.030708197169608927,-0.14172837847766612,0.030795085182979784,0.9893664851207838,0.011135732092988251,0.05763873318271688
1669498389034397400,4.7193974609375,-0.28546288257389446,0.030710703891924755,-0.14173209308862605,0.030801544709005174,0.9893658290749788,0.011138518955834158,0.05764278704845339
1669498389044329500,4.72932958984375,-0.2854609533384929,0.030715222267742717,-0.14173116358862412,0.030793446866052305,0.9893658732094013,0.011133807077895942,0.057653103897488525
1669498389054261500,4.739261474609375,-0.2854714924077192,0.03073033777098372,-0.14173610086976496,0.030792268764931567,0.9893647176523117,0.011130879797460008,0.0576837131471054
1669498389064193300,4.749193359375,-0.28548463444685274,0.030745884154174005,-0.1417419965536767,0.03081350603198447,0.9893633410109902,0.011139169400333382,0.05771195636136303
1669498389074125300,4.759125244140625,-0.28549884170358947,0.03074485863207562,-0.1417491287091891,0.030807802555851416,0.9893623639625849,0.01113623072450632,0.05771053891207818
1669498389084057300,4.769057373046875,-0.28549557069237275,0.030744174291072214,-0.14174735474357186,0.030820337409858373,0.9893625186866404,0.011142706244018098,0.05770739280106518
1669498389093989400,4.7789892578125,-0.28547976012458476,0.030753598526700048,-0.1417393070395746,0.030822243909382437,0.9893634829501226,0.011142539724028977,0.05772635821284253
1669498389103921400,4.78892138671875,-0.2854838269554449,0.030754266298286575,-0.14174105373145557,0.03083997398499673,0.9893631457414973,0.011151335841696062,0.05772512428682798
1669498389113853400,4.798853515625,-0.28548700934110205,0.030745541415836318,-0.1417425558198623,0.03085738706323218,0.9893630870694924,0.011161339242872364,0.05770495362366969
1669498389123785200,4.80878515625,-0.2854783411690051,0.030740640873163905,-0.14173832267339592,0.03086024136653369,0.9893638219959824,0.011163613160401877,0.05769473486269468
1669498389133717200,4.81871728515625,-0.28546934820247133,0.030740985127730713,-0.14173383608095447,0.030862632684237078,0.989364415509405,0.011164902067349916,0.05769518810295299
1669498389143649300,4.828649169921875,-0.28547487035426244,0.030736638102504366,-0.14173655159437937,0.030870073548010673,0.9893640972780675,0.01116920534091407,0.05768526995686742
1669498389153581300,4.838581298828125,-0.28547636816778205,0.030729212184071125,-0.14173745747048033,0.030868905087752283,0.9893641705699564,0.011169664332592864,0.057670405520485926
1669498389163513300,4.848513427734375,-0.2854738378671874,0.030724669086313213,-0.14173624202286356,0.03087289467611952,0.9893644305910192,0.01117237066517087,0.05766067575099342
1669498389173445400,4.8584453125,-0.28549856814039165,0.030718882463159916,-0.14174839623016672,0.030886900956102803,0.989362781887484,0.01117991677683414,0.05764669018181172
1669498389183377200,4.868377197265625,-0.28550361755959913,0.03071497758216224,-0.14175107121026742,0.03087950725836997,0.9893625803472815,0.011176673055709768,0.057639799458246356
1669498389193309200,4.87830908203125,-0.28549356406833565,0.030712017174690624,-0.14174649984114063,0.030854762257780687,0.9893634664133444,0.011164752392398159,0.057637473799147965
1669498389203241500,4.888241455078125,-0.285483591957724,0.030705998652418617,-0.1417420271843659,0.030830177208875032,0.9893644203983701,0.011153352236069641,0.057628940840347094
1669498389213173500,4.898173583984375,-0.28547783909198354,0.030704722993969504,-0.1417390781575118,0.03083919580094162,0.9893648396887539,0.011158173245482208,0.05762513522153904
1669498389223105500,4.90810546875,-0.28546855143776934,0.030702805530096924,-0.14173440497606837,0.030847262711042444,0.9893655373243929,0.011162657630831619,0.05762020884612835
1669498389233037600,4.91803759765625,-0.2854553328142355,0.030708224089099366,-0.14172767512379275,0.030853204967692612,0.9893663086597689,0.01116506900628469,0.05763046183742316
1669498389242969300,4.92796923828125,-0.28544354722021603,0.03070541361389089,-0.14172192028338754,0.030851694195292233,0.989367218776675,0.011164882856196634,0.05762512896628343
1669498389252901400,4.9379013671875,-0.2854336054683172,0.03070192083525116,-0.14171704163654092,0.030853573247716964,0.9893680202460374,0.011166479604078189,0.057617911285573475
1669498389262833400,4.94783349609375,-0.28542840296328514,0.03070762077871272,-0.14171452390552797,0.030841952712108486,0.98936823638592,0.011159866789075965,0.057631155719218244
1669498389272765400,4.957765380859375,-0.28544098237786486,0.03071404331577757,-0.14172066782274068,0.030838802348005772,0.9893671773013957,0.011157167409127651,0.057644449230465675
1669498389282697500,4.967697509765625,-0.2854356883723706,0.03071263647543305,-0.14171791338983372,0.03085036827482018,0.9893675535431078,0.01116328680799114,0.05764000820847011
1669498389292629500,4.97762939453125,-0.28543342899561175,0.030712838808755843,-0.1417164441824661,0.03087525039752263,0.9893676138932541,0.011175853465529937,0.05763687807988918
1669498389302561300,4.987561279296875,-0.28544817984088533,0.030714384837987444,-0.14172373662320964,0.030873584782463145,0.9893665295481496,0.011174575037771424,0.05764007533050006
1669498389312493300,4.997493408203125,-0.28545472622928847,0.03072178975943161,-0.14172678076570222,0.030876959721100893,0.9893658782505711,0.0111751161406838,0.057654490208958215
1669498389322425300,5.00742529296875,-0.2854566391700519,0.030727224117833938,-0.14172759534591545,0.030878836783002104,0.9893655857720349,0.011175252646244221,0.05766518624853702
1669498389332357400,5.017357421875,-0.28545707718288377,0.03073259494264648,-0.14172775765718548,0.030875254314404785,0.989365419693062,0.011172663265648478,0.0576765527021788
1669498389342289400,5.027289306640625,-0.28545021979981516,0.030740780399666455,-0.14172434130575642,0.030865299514084375,0.9893657404216282,0.011166556844126464,0.05769460646369112
1669498389352221200,5.03722119140625,-0.2854568637555924,0.030743273351076874,-0.14172736086274051,0.030880941074594985,0.9893651484469296,0.011173998069487689,0.05769733079322383
1669498389362153200,5.0471533203125,-0.2854613286235913,0.030739593714530486,-0.14172968305344952,0.030878235426635828,0.989364917255816,0.011173097590678081,0.05769022710501939
1669498389372085200,5.057085205078125,-0.28545488414444453,0.030746961571275842,-0.14172613821386207,0.03089348584339913,0.989365109356205,0.011179829291300944,0.057703010284856714
1669498389382017300,5.067017333984375,-0.2854613266776333,0.030750351833265945,-0.14172907389813305,0.030906803863505524,0.9893645089929609,0.011185970971787019,0.057707883336853026
1669498389391949300,5.07694921875,-0.2854666111303159,0.030762765032460185,-0.1417314018352614,0.030909835642135286,0.989363800781247,0.01118563510848974,0.05773248621782643
1669498389401881300,5.08688134765625,-0.2854597656420838,0.030768714978868697,-0.14172781241398236,0.030916466983526944,0.9893640476045475,0.011188225662537438,0.05774363930795599
1669498389411813400,5.0968134765625,-0.28546425178334706,0.030769586246696325,-0.14172990199544283,0.0309245239526891,0.9893636794095758,0.011192102591262403,0.05774419586842548
1669498389421745400,5.106745361328125,-0.28545445416470366,0.03076833710306894,-0.14172495005136335,0.030932777976585352,0.9893644746610674,0.011196592217900658,0.05774060536796389
1669498389431677400,5.116677490234375,-0.2854568834095001,0.030769356471369445,-0.14172617826091982,0.030929595356605378,0.9893642746356756,0.011194803047698217,0.05774309390059411
1669498389441609500,5.126609375,-0.28547000396733974,0.03076865459354242,-0.14173247181177734,0.030944398761234018,0.9893633485285251,0.01120218690849058,0.05773940796610801
1669498389451541500,5.13654150390625,-0.2854559344720972,0.030767238499126805,-0.14172531735865507,0.030961249033911366,0.9893642048519551,0.011211104629915095,0.057734282612519686
1669498389461473500,5.1464736328125,-0.2854581574818848,0.0307684466640179,-0.14172607342951374,0.03098433752754404,0.9893639073606644,0.011222555547828986,0.05773339070994813
1669498389471405300,5.1564052734375,-0.28545456479586623,0.030775419474082466,-0.1417240176720122,0.030994032505032795,0.9893639808538048,0.01122649737548673,0.05774614261589577
1669498389481337300,5.16633740234375,-0.285452259254038,0.03078678004260362,-0.1417224660098466,0.031007403421163475,0.9893637946340272,0.011231644159702826,0.057767221782366644
1669498389491269400,5.176269287109375,-0.2854578165363086,0.030790989074012745,-0.14172507503267037,0.031011404111969714,0.9893632890325326,0.011232976158733698,0.057775096147161475
1669498389501201400,5.186201416015625,-0.2854501383991389,0.03079758439344222,-0.1417212031659955,0.031007147313349834,0.9893636926243272,0.011229987977013307,0.05778912872217256
1669498389511133400,5.196133544921875,-0.2854464400463307,0.03079929018199449,-0.14171922675032528,0.031015088788084427,0.9893638921766476,0.01123380556189596,0.05779148257423613
1669498389521065500,5.2060654296875,-0.28544863396684,0.030804747275943407,-0.1417201174358792,0.031021000078947966,0.9893636052833574,0.011235971196299549,0.057801646133472946
1669498389530997200,5.215997314453125,-0.2854538152975075,0.03081081443555682,-0.14172260104635714,0.031018732980986632,0.9893630286802327,0.011233876695490672,0.05781417464850248
1669498389540929300,5.22592919921875,-0.28545900770738836,0.03081323840565875,-0.1417249550787751,0.03103059902171861,0.9893625615505168,0.011239442523748,0.05781731696078625
1669498389550861300,5.235861328125,-0.28547029753470227,0.030814913264492587,-0.14173043681587533,0.03103578744773115,0.9893616894390249,0.011241655961139695,0.05781983085250736
1669498389560793300,5.24579345703125,-0.2854848728147411,0.030823296850242637,-0.14173733165862643,0.031046644849810776,0.9893603923570888,0.01124571637055085,0.05783505910149558
1669498389570725400,5.255725341796875,-0.2854869853038119,0.030831179475026952,-0.14173820122263514,0.031048495286641182,0.9893599844666502,0.01124548359401076,0.05785070405756596
1669498389580657200,5.2656572265625,-0.2854725204545158,0.030837934660291368,-0.14173098422823008,0.03104337368484633,0.989360836698999,0.01124213512733164,0.057865259074854056
1669498389590589200,5.275589111328125,-0.285469764220028,0.03082964535062776,-0.14172982509434487,0.0310397243106474,0.989361340079166,0.011241527375655152,0.05784905910484725
1669498389600522200,5.285522216796875,-0.2854786377642658,0.030826176730114955,-0.14173439701556023,0.03103185887452852,0.9893608129534837,0.011237926786672035,0.05784307101631314
1669498389610454300,5.295454345703125,-0.28547995687934075,0.030830435575981252,-0.1417349400446265,0.03103407541078433,0.9893605581255447,0.011238412912441563,0.057851346208537574
1669498389620386300,5.30538623046875,-0.2854842977672224,0.030827776069891698,-0.1417371267976639,0.031035050936459908,0.9893603165223968,0.011239225510848251,0.05784578007870187
1669498389630318300,5.315318359375,-0.28548330956153534,0.030834208829916908,-0.14173641812600307,0.03104160406640263,0.9893601995848308,0.011241621075994203,0.057857858561226765
1669498389640250400,5.32525048828125,-0.28546828523800116,0.030845080180937064,-0.14172876384427388,0.031042191016822093,0.9893609555788101,0.011240569659651173,0.05787992362311873
1669498389650182100,5.33518212890625,-0.2854595862556854,0.03084195327055215,-0.14172444936557466,0.031047421904903862,0.9893616232117294,0.011243788706629291,0.05787295040253239
1669498389660114200,5.3451142578125,-0.28545033744363746,0.03084231099641577,-0.14171982592569085,0.031049111307194333,0.989362386162741,0.011244724334845909,0.057873545076782766
1669498389670046200,5.355046142578125,-0.2854435303226884,0.030853591449831026,-0.14171590482910656,0.031072618479785947,0.9893624864685056,0.011255066245574145,0.05789306182188573
1669498389679978500,5.364978515625,-0.28545128701905326,0.030866406065572893,-0.14171945695220572,0.031075063420208413,0.989361579155815,0.01125433998915917,0.05791853098984224
1669498389689910500,5.37491064453125,-0.28544419049900555,0.030876382958535654,-0.14171555705077593,0.031088929069316193,0.9893617421089984,0.011260006351653078,0.057936794954845966
1669498389699842600,5.384842529296875,-0.28545572482200915,0.03088807482755139,-0.14172109631245083,0.031084977008890378,0.98936057448828,0.011256157100226906,0.05796086449781039
1669498389709774300,5.3947744140625,-0.2854621435773221,0.030896360101815613,-0.14172380399467716,0.031107043641246654,0.9893597777569718,0.011266010338811236,0.05797437837854553
1669498389719706400,5.404706298828125,-0.2854621846796029,0.030906503606816155,-0.14172331109589215,0.03112916225897828,0.9893594380028289,0.011275714832691717,0.05799171806916973
1669498389729638400,5.414638427734375,-0.2854814362404309,0.030972216637449063,-0.14172920392376298,0.031295197853371017,0.9893556697577094,0.011349789292307847,0.05810056566303779
1669498389739570400,5.4245703125,-0.2855464485175821,0.03135846962172617,-0.14174182533718238,0.03212742024887637,0.989337553420414,0.011713312138511019,0.05876150130694894
1669498389749502500,5.43450244140625,-0.28555543400180133,0.031676693535760796,-0.14173210958258342,0.03266297439824267,0.9893260638889322,0.011937672386431807,0.05932805194752487
1669498389759434500,5.4444345703125,-0.2855474610279602,0.03178210041597241,-0.14172309390319365,0.03286377285118683,0.9893229426196462,0.012023966862481235,0.059512498029265594
1669498389769366300,5.4543662109375,-0.28551526471258704,0.0317148476601421,-0.14171060191664026,0.032721322916719905,0.9893276732160785,0.011962229854553138,0.059397323179423554
1669498389779298300,5.46429833984375,-0.2854917134715577,0.031554231709857106,-0.1417067013793774,0.03241089418632105,0.9893350130675529,0.011829015561483419,0.05911733938273835
1669498389789230300,5.474230224609375,-0.2854831001431134,0.031383723894069605,-0.14171062057200556,0.032082049224663275,0.9893414884484547,0.01168770319169192,0.058819808175646214
1669498389799162400,5.484162353515625,-0.28548265068605033,0.031200970936295053,-0.141719118473827,0.0317278225062396,0.9893478571308858,0.011535216654748322,0.05850106905829129
1669498389809094400,5.494094482421875,-0.28547997079466275,0.031111187080120128,-0.14172180222850528,0.03157163238258023,0.9893510647334065,0.011469342978351012,0.05834195180607221
