time,seconds_elapsed,z,y,x
1669502675097581600,0.02158154296875,0.0019979169592261314,-0.0034071372356265783,-0.015701670199632645
1669502675107511600,0.031511474609375,0.0030123149044811726,0.0020555388182401657,-0.026940476149320602
1669502675117442600,0.041442626953125,0.00009239278733730316,-0.0007389551028609276,-0.017432037740945816
1669502675127373600,0.05137353515625,-0.001585664926096797,-0.010669350624084473,-0.005735701881349087
1669502675137304600,0.0613046875,0.0004925415851175785,-0.010275048203766346,-0.009525013156235218
1669502675147235600,0.071235595703125,0.002493374515324831,-0.0106628043577075,-0.01978883519768715
1669502675157166600,0.08116650390625,0.0018573020352050662,-0.001677946769632399,-0.014921896159648895
1669502675167097600,0.09109765625,0.0013851237017661333,0.004309638403356075,-0.007055983878672123
1669502675177028600,0.101028564453125,0.0013522417284548283,0.004960136022418737,-0.007096629124134779
1669502675186958600,0.11095849609375,0.001886738114990294,-0.002145976759493351,-0.009612517431378365
1669502675196889600,0.1208896484375,0.0026168953627347946,-0.002230784622952342,-0.013074789196252823
1669502675206820600,0.130820556640625,0.0025929268449544907,-0.0007165111601352692,-0.013822604902088642
1669502675216751600,0.140751708984375,0.0014363658847287297,0.0036783176474273205,-0.012123726308345795
1669502675226682600,0.1506826171875,0.0011058675590902567,0.0010883938521146774,-0.006231482140719891
1669502675236613600,0.160613525390625,0.0011298502795398235,0.004190440755337477,-0.0033303224481642246
1669502675246544600,0.170544677734375,0.0011817819904536009,0.003843697253614664,-0.005383353214710951
1669502675256474400,0.180474365234375,0.0005741864442825317,-0.0011741204652935266,-0.007988378405570984
1669502675266405600,0.190405517578125,0.0015688770217821002,0.0008040755055844784,-0.007563870400190353
1669502675276336600,0.200336669921875,0.0011854346375912428,-0.0008304486982524395,-0.005602912046015263
1669502675286267400,0.210267333984375,0.0015646687243133783,0.0022108813282102346,-0.006638349033892155
1669502675296198700,0.22019873046875,0.0008073230274021626,0.004625560715794563,-0.007797976024448872
1669502675306129400,0.23012939453125,-0.00023290771059691906,0.0048178406432271,-0.00757906399667263
1669502675316060400,0.240060302734375,-0.0016793124377727509,0.0026881175581365824,-0.006424319930374622
1669502675325991700,0.24999169921875,0.0017369904089719057,0.006323065608739853,-0.003625071607530117
1669502675335921400,0.25992138671875,-0.0033791617024689913,0.009769500233232975,0.002622196450829506
1669502675345852700,0.269852783203125,-0.001349566737189889,0.010887760668992996,-0.000006343238055706024
1669502675355783700,0.27978369140625,-0.0006552070844918489,0.01198102068156004,0.000014280900359153748
1669502675365714400,0.28971435546875,-0.0020038315560668707,0.011723759584128857,0.0005250750109553337
1669502675375645700,0.299645751953125,-0.0011062321718782187,0.014597201719880104,0.002413532231003046
1669502675385576700,0.30957666015625,0.0014650498051196337,0.009834138676524162,-0.001266423612833023
1669502675395507500,0.319507568359375,-0.0011873978655785322,0.006117997691035271,-0.002396731171756983
1669502675405438700,0.329438720703125,-0.0013993855100125074,0.009666127152740955,-0.0034793061204254627
1669502675415368400,0.339368408203125,-0.0007647196762263775,0.007721037603914738,-0.0018072361126542091
1669502675425299700,0.3492998046875,-0.0023469040170311928,0.004563060589134693,0.0001959935761988163
1669502675435230500,0.35923046875,-0.003303997218608856,0.00046902033500373363,-0.0041222963482141495
1669502675445161500,0.369161376953125,-0.00252928351983428,-0.00009690131992101669,-0.0015113330446183681
1669502675455092700,0.3790927734375,-0.0004028130788356066,0.001654048915952444,-0.004261808469891548
1669502675465023500,0.3890234375,-0.002132536144927144,0.006485023535788059,-0.0000742538832128048
1669502675474954500,0.39895458984375,0.0018907749326899648,-0.028583716601133347,-0.008188521489501
1669502675484885800,0.4088857421875,-0.0010682630818337202,-0.03227991610765457,-0.008065483532845974
1669502675494815500,0.4188154296875,0.0024347673170268536,-0.06602010875940323,0.03463585674762726
1669502675504746800,0.428746826171875,-0.0024388174060732126,-0.07526687532663345,0.03989346697926521
1669502675514677500,0.438677490234375,0.0016367281787097454,-0.07238015532493591,0.021278224885463715
1669502675524608500,0.4486083984375,-0.001977447886019945,-0.04998776689171791,-0.005200253799557686
1669502675534539800,0.458539794921875,-0.0005884587299078703,-0.03772646561264992,-0.01063364278525114
1669502675544470500,0.468470458984375,0.000053629279136657715,-0.03775442764163017,-0.009657061658799648
1669502675554401500,0.478401611328125,-0.0025559505447745323,-0.040269702672958374,-0.002249698620289564
1669502675564331500,0.48833154296875,0.0005522246938198805,-0.03789602592587471,0.001227857545018196
1669502675574262500,0.498262451171875,-0.0021305305417627096,-0.028213147073984146,0.0004238593392074108
1669502675584193800,0.50819384765625,0.0007515423931181431,-0.00002358853816986084,-0.0072628227062523365
1669502675594124500,0.51812451171875,-0.0004486832767724991,0.027907412499189377,-0.0018715821206569672
1669502675604055600,0.5280556640625,-0.001424998277798295,0.030310913920402527,-0.004323288332670927
1669502675613986600,0.537986572265625,-0.0010890418197959661,0.019136939197778702,0.0001329663209617138
1669502675623917600,0.54791748046875,0.0009866261389106512,-0.004331102594733238,0.004982050508260727
1669502675633848600,0.5578486328125,0.0008904882706701756,0.003129786578938365,0.009709451347589493
1669502675643778600,0.567778564453125,0.0014468226581811905,0.022334640845656395,0.011508418247103691
1669502675653709600,0.57770947265625,0.001319163478910923,0.020164579153060913,0.017357442528009415
1669502675663640600,0.587640625,0.0037279927637428045,0.008703932166099548,0.03628426045179367
1669502675673571600,0.597571533203125,0.006464794278144836,0.005657918285578489,0.06492157280445099
1669502675683502600,0.607502685546875,0.000913701020181179,-0.01111040823161602,0.08812116831541061
1669502675693433600,0.61743359375,-0.01527089811861515,0.005298130214214325,0.11088365316390991
1669502675703364600,0.627364501953125,-0.01556704193353653,0.062414150685071945,0.11817379295825958
1669502675713295600,0.637295654296875,-0.019268035888671875,0.06710268557071686,0.11724783480167389
1669502675723225600,0.6472255859375,-0.019643275067210197,0.05539143458008766,0.1004299744963646
1669502675733156600,0.657156494140625,-0.000681902514770627,0.053790975362062454,0.056182339787483215
1669502675743087600,0.667087646484375,0.0028792766388505697,0.08234298974275589,0.034094613045454025
1669502675753018600,0.6770185546875,0.0015902286395430565,0.10080607980489731,0.043618738651275635
1669502675762949600,0.68694970703125,0.0036672279238700867,0.12028071284294128,0.06693364679813385
1669502675772880600,0.696880615234375,0.01766679435968399,0.19740600883960724,0.08303423970937729
1669502675782811600,0.706811767578125,0.03324229270219803,0.266299843788147,0.07987173646688461
1669502675792742700,0.71674267578125,0.03992658108472824,0.37040528655052185,0.07838509976863861
1669502675802672600,0.726672607421875,0.021279657259583473,0.36172550916671753,0.07216847687959671
1669502675812603600,0.736603759765625,0.003616131143644452,0.16749943792819977,0.03322428837418556
1669502675822534700,0.74653466796875,0.0062337517738342285,0.009983314201235771,0.043179452419281006
1669502675832465700,0.756465576171875,0.02017165534198284,-0.034384988248348236,0.07288041710853577
1669502675842396400,0.766396484375,0.006855316460132599,0.02894551306962967,0.0993567705154419
1669502675852327700,0.77632763671875,-0.031372398138046265,0.13189943134784698,0.11860163509845734
1669502675862258700,0.7862587890625,-0.04282905161380768,0.1974869668483734,0.12115135788917542
1669502675872189400,0.796189453125,-0.029176956042647362,0.1898827701807022,0.09579650312662125
1669502675882119700,0.80611962890625,0.007656160742044449,0.1707247942686081,0.06036953255534172
1669502675892050400,0.816050537109375,0.06487931311130524,0.11330661922693253,0.023851104080677032
1669502675901981700,0.825981689453125,0.0646287128329277,-0.007581447251141071,-0.020108364522457123
1669502675911912700,0.83591259765625,0.023474665358662605,-0.036546483635902405,-0.026144128292798996
1669502675921843500,0.845843505859375,-0.00866116676479578,-0.018788257613778114,-0.013256559148430824
1669502675931774700,0.855774658203125,-0.0234074667096138,-0.005840393714606762,-0.002577825915068388
1669502675941705700,0.865705810546875,-0.034393008798360825,-0.016226455569267273,-0.010737218894064426
1669502675951635700,0.8756357421875,-0.04410945624113083,-0.02663583680987358,-0.021631071344017982
1669502675961566700,0.885566650390625,-0.016699401661753654,-0.009257911704480648,-0.05259378254413605
1669502675971497500,0.89549755859375,0.012837575748562813,0.0012044291943311691,-0.07390262931585312
1669502675981428700,0.9054287109375,0.010082002729177475,-0.011974489316344261,-0.08047344535589218
1669502675991359700,0.91535986328125,0.004575645551085472,-0.0312717966735363,-0.07173989713191986
1669502676001290500,0.92529052734375,0.0052571482956409454,-0.0475090891122818,-0.057637397199869156
1669502676011221800,0.9352216796875,0.014078703708946705,-0.05242299661040306,-0.04118562489748001
1669502676021152500,0.945152587890625,0.02563708834350109,-0.055753543972969055,-0.03815920650959015
1669502676031082800,0.955082763671875,0.03806186094880104,-0.061987437307834625,-0.047679271548986435
1669502676041013800,0.965013671875,0.05614951625466347,-0.0857071503996849,-0.05774681642651558
1669502676050944500,0.974944580078125,0.06192260980606079,-0.11265552788972855,-0.038308124989271164
1669502676060875800,0.984875732421875,0.06678740680217743,-0.13828977942466736,0.005339751951396465
1669502676070806500,0.994806640625,0.06437355279922485,-0.17021651566028595,0.033388543874025345
1669502676080737500,1.004737548828125,0.06828013807535172,-0.15876252949237823,0.02541690319776535
1669502676090668800,1.014668701171875,0.04546220228075981,-0.07401248812675476,-0.03929142653942108
1669502676100599600,1.024599609375,-0.024934997782111168,0.03544742614030838,-0.13506215810775757
1669502676110529500,1.034529541015625,-0.10516826808452606,0.08845213800668716,-0.21814288198947906
1669502676120460500,1.04446044921875,-0.17131586372852325,0.16309919953346252,-0.27125084400177
1669502676130391600,1.0543916015625,-0.22773678600788116,0.2306596040725708,-0.3124377727508545
1669502676140322600,1.064322509765625,-0.272342324256897,0.24640928208827972,-0.2875604033470154
1669502676150253600,1.074253662109375,-0.2951754927635193,0.21803967654705048,-0.16765441000461578
1669502676160184600,1.0841845703125,-0.28095048666000366,0.13707531988620758,-0.05186815559864044
1669502676170115600,1.094115478515625,-0.23774921894073486,0.04336375370621681,0.01110867876559496
1669502676180046600,1.104046630859375,-0.2178170531988144,-0.010999089106917381,0.043131060898303986
1669502676189976600,1.1139765625,-0.21125932037830353,0.04477385804057121,0.033819202333688736
1669502676199907600,1.123907470703125,-0.1542769968509674,0.09660376608371735,-0.04912867769598961
1669502676209838600,1.133838623046875,-0.08899733424186707,0.05360334739089012,-0.06893662363290787
1669502676219769600,1.14376953125,-0.03764759376645088,0.011275330558419228,-0.011308214627206326
1669502676229700600,1.15370068359375,0.0010851048864424229,-0.018071496859192848,0.12790393829345703
1669502676239631600,1.163631591796875,0.012261859141290188,-0.03873682767152786,0.21981361508369446
1669502676249562600,1.173562744140625,-0.01999116688966751,-0.062148675322532654,0.18923822045326233
1669502676259492600,1.18349267578125,-0.0797429084777832,-0.0915377214550972,0.0794438049197197
1669502676269423600,1.193423583984375,-0.16933566331863403,-0.13034529983997345,-0.04444103315472603
1669502676279354600,1.203354736328125,-0.25519198179244995,-0.12177418172359467,-0.17227782309055328
1669502676289285600,1.21328564453125,-0.3228018581867218,-0.05318496748805046,-0.2710196375846863
1669502676299216400,1.22321630859375,-0.40450549125671387,0.02901695854961872,-0.2698878049850464
1669502676309147600,1.233147705078125,-0.5019953846931458,0.10669170320034027,-0.21456600725650787
1669502676319078700,1.24307861328125,-0.5473365187644958,0.12258970737457275,-0.1225854828953743
1669502676329009400,1.253009521484375,-0.5473374724388123,0.13653604686260223,-0.05041415989398956
1669502676338940000,1.26293994140625,-0.524264395236969,0.1665024608373642,0.0019774078391492367
1669502676348870700,1.27287060546875,-0.4701535701751709,0.19069109857082367,0.04623430222272873
1669502676358802000,1.282802001953125,-0.40322327613830566,0.15212133526802063,0.08807042986154556
1669502676368733000,1.29273291015625,-0.35682162642478943,0.03829279541969299,0.10917121171951294
1669502676378663700,1.30266357421875,-0.3195839524269104,-0.08051854372024536,0.09355496615171432
1669502676388595000,1.312594970703125,-0.28977349400520325,-0.1427711546421051,0.02799796126782894
1669502676398525700,1.322525634765625,-0.2858559787273407,-0.12396524101495743,-0.07753325253725052
1669502676408456700,1.332456787109375,-0.2906164824962616,-0.05671064183115959,-0.21267114579677582
1669502676418387000,1.342386962890625,-0.2973044514656067,0.018825126811861992,-0.3628707826137543
1669502676428317700,1.352317626953125,-0.28806954622268677,0.07485361397266388,-0.4705875813961029
1669502676438249000,1.3622490234375,-0.2900908589363098,0.09894750267267227,-0.5050811171531677
1669502676448179700,1.3721796875,-0.3020254075527191,0.09706266969442368,-0.48000484704971313
1669502676458110700,1.38211083984375,-0.30798423290252686,0.06574016809463501,-0.4064249098300934
1669502676468042000,1.3920419921875,-0.2867857813835144,0.054735105484724045,-0.3100424110889435
1669502676477972700,1.40197265625,-0.24396562576293945,0.04726334288716316,-0.196731299161911
1669502676487903700,1.41190380859375,-0.22116383910179138,0.0033330225851386786,-0.07928404211997986
1669502676497833700,1.421833740234375,-0.2263258546590805,0.05379912629723549,0.0074431272223591805
1669502676507764700,1.4317646484375,-0.22866220772266388,0.1699102818965912,0.023315921425819397
1669502676517696000,1.441696044921875,-0.2212255895137787,0.16841943562030792,0.053692735731601715
1669502676527626800,1.451626708984375,-0.18481087684631348,0.06271059066057205,0.12490414828062057
1669502676537557800,1.461557861328125,-0.1011604592204094,-0.015002044849097729,0.23928746581077576
1669502676547489000,1.471489013671875,0.017419597133994102,-0.06794695556163788,0.36266422271728516
1669502676557419800,1.481419677734375,0.12875330448150635,-0.1459762305021286,0.45227134227752686
1669502676567350000,1.49135009765625,0.16375257074832916,-0.24413764476776123,0.5411344766616821
1669502676577280800,1.50128076171875,0.15747976303100586,-0.3091222643852234,0.627372682094574
1669502676587211800,1.511211669921875,0.125349760055542,-0.3698052763938904,0.7114360928535461
1669502676597143000,1.52114306640625,0.06635381281375885,-0.4021294116973877,0.8001171946525574
1669502676607073800,1.53107373046875,-0.021293511614203453,-0.3869880437850952,0.8785133361816406
1669502676617004800,1.5410048828125,-0.07357589155435562,-0.2887360453605652,0.9341446757316589
1669502676626935800,1.550935791015625,-0.10271458327770233,-0.22298814356327057,0.9519670605659485
1669502676636866800,1.56086669921875,-0.10391593724489212,-0.2159731090068817,0.9290832877159119
1669502676646796800,1.570796875,-0.08930967003107071,-0.21371252834796906,0.8818723559379578
1669502676656727800,1.580727783203125,-0.12415819615125656,-0.28773748874664307,0.8051498532295227
1669502676666658800,1.590658935546875,-0.16420060396194458,-0.2791079580783844,0.6781912446022034
1669502676676589800,1.60058984375,-0.1943824738264084,-0.23811125755310059,0.573013424873352
1669502676686520800,1.610520751953125,-0.22102023661136627,-0.19215765595436096,0.42567652463912964
1669502676696451800,1.620451904296875,-0.23063825070858002,-0.1463310569524765,0.30628302693367004
1669502676706382800,1.6303828125,-0.20255707204341888,-0.0963166132569313,0.22301873564720154
1669502676716312800,1.640312744140625,-0.1522800624370575,-0.03942057490348816,0.19275936484336853
1669502676726243800,1.650243896484375,-0.09173481166362762,-0.0164926927536726,0.19247666001319885
1669502676736174800,1.6601748046875,-0.020617224276065826,0.0048517449758946896,0.19889488816261292
1669502676746105900,1.67010595703125,0.04686642810702324,-0.02018444426357746,0.20376735925674438
1669502676756036900,1.680036865234375,0.11570514738559723,-0.024192502722144127,0.15896153450012207
1669502676765968000,1.6899677734375,0.16767819225788116,-0.028253445401787758,0.08201579004526138
1669502676775899000,1.69989892578125,0.1796261966228485,-0.02875092439353466,0.024560749530792236
1669502676785830000,1.709829833984375,0.16038815677165985,0.01300170086324215,-0.011367615312337875
1669502676795759900,1.719759765625,0.11289174109697342,0.09388616681098938,-0.03869590908288956
1669502676805691000,1.72969091796875,0.053341902792453766,0.13764114677906036,-0.07824089378118515
1669502676815622000,1.739621826171875,0.030334055423736572,0.10813357681035995,-0.1370117962360382
1669502676825552600,1.749552734375,0.013448582030832767,0.029809515923261642,-0.1711784452199936
1669502676835484000,1.75948388671875,-0.0051197754219174385,-0.02423347532749176,-0.19436924159526825
1669502676845415000,1.769414794921875,0.002993796719238162,-0.05383956804871559,-0.222895085811615
1669502676855345700,1.779345703125,0.00870281457901001,-0.06142691522836685,-0.25693079829216003
1669502676865277000,1.78927685546875,-0.002331084106117487,-0.05823207274079323,-0.2971687912940979
1669502676875206700,1.79920654296875,-0.02695413865149021,-0.10316120088100433,-0.3240262567996979
1669502676885138000,1.809137939453125,-0.07362987101078033,-0.23436540365219116,-0.3016684353351593
1669502676895069000,1.81906884765625,-0.040496423840522766,-0.33702173829078674,-0.24153853952884674
1669502676904999700,1.828999755859375,0.06067664176225662,-0.32928144931793213,-0.15327422320842743
1669502676914931000,1.838930908203125,0.1066736951470375,-0.30578386783599854,-0.045923538506031036
1669502676924862000,1.848862060546875,0.07291869074106216,-0.19182978570461273,0.055042363703250885
1669502676934792700,1.858792724609375,-0.006825669668614864,0.029129503294825554,0.09692483395338058
1669502676944724000,1.868723876953125,-0.04165743291378021,0.3100399971008301,0.10086054354906082
1669502676954653700,1.87865380859375,-0.018635738641023636,0.30124038457870483,0.04360657185316086
1669502676964584700,1.888584716796875,-0.009506125934422016,0.1469125896692276,-0.028207074850797653
1669502676974516000,1.898515869140625,0.003453881246969104,-0.03949110582470894,-0.056728463619947433
1669502676984446700,1.90844677734375,0.008517739363014698,-0.10609079152345657,-0.01779661327600479
1669502676994377700,1.918377685546875,0.000008939998224377632,-0.04217838868498802,0.025248590856790543
1669502677004308700,1.928308837890625,-0.0017046795692294836,0.02508305199444294,0.023929163813591003
1669502677014239700,1.93823974609375,-0.0017281153704971075,0.030306044965982437,-0.002930148970335722
1669502677024170000,1.948169921875,0.0015845784218981862,-0.010916180908679962,-0.018273573368787766
1669502677034100700,1.958100830078125,-0.00005885842256247997,-0.046310391277074814,0.002356603741645813
1669502677044031700,1.96803173828125,0.00012179743498563766,-0.04500137269496918,0.02016627788543701
1669502677053962800,1.977962646484375,0.00289547978900373,-0.040840182453393936,0.028439920395612717
1669502677063893800,1.987893798828125,0.005086490884423256,-0.05488783121109009,0.02560720592737198
1669502677073824800,1.99782470703125,0.001335961278527975,-0.09599931538105011,0.035025209188461304
1669502677083755800,2.007755859375,0.0018329247832298279,-0.1453380584716797,0.04631694778800011
1669502677093686800,2.017686767578125,0.0010986912529915571,-0.1508800983428955,0.05566384270787239
1669502677103616800,2.02761669921875,-0.004167318809777498,-0.11896307021379471,0.04902900755405426
1669502677113547800,2.0375478515625,-0.00292974803596735,-0.09537598490715027,0.04193061962723732
1669502677123478800,2.047478759765625,-0.005444428883492947,-0.11695222556591034,0.04825706034898758
1669502677133409800,2.057409912109375,0.001633986714296043,-0.13933075964450836,0.05319882184267044
1669502677143340800,2.0673408203125,0.016643546521663666,-0.11058966815471649,0.048520803451538086
1669502677153271800,2.077271728515625,0.01746513321995735,-0.0021912872325628996,0.04631597176194191
1669502677163202800,2.087202880859375,0.016926247626543045,0.08430296927690506,0.043829452246427536
1669502677173133800,2.0971337890625,0.035930030047893524,0.0906149223446846,0.03893722593784332
1669502677183063800,2.107063720703125,0.055767156183719635,0.12874238193035126,0.03668297454714775
1669502677192994800,2.116994873046875,0.07985198497772217,0.18287378549575806,0.04208599776029587
1669502677202925800,2.12692578125,0.10136622190475464,0.2212442308664322,0.04413318261504173
1669502677212856800,2.13685693359375,0.12395728379487991,0.2757633924484253,0.03809499740600586
1669502677222787800,2.146787841796875,0.13591566681861877,0.3208935856819153,0.01980360597372055
1669502677232718600,2.156718505859375,0.11679151654243469,0.3345196545124054,0.012287634424865246
1669502677242649900,2.16664990234375,0.12285064905881882,0.30923742055892944,0.0002564857713878155
1669502677252579800,2.176579833984375,0.18519870936870575,0.2724383771419525,0.009003903716802597
1669502677262510800,2.1865107421875,0.26493409276008606,0.2830468416213989,0.03963152691721916
1669502677272441900,2.19644189453125,0.3206426203250885,0.19528396427631378,0.048852186650037766
1669502677282372600,2.20637255859375,0.33259108662605286,0.03173677250742912,0.027037562802433968
1669502677292304000,2.216303955078125,0.3195306658744812,-0.13496007025241852,0.004044630099087954
1669502677302235000,2.22623486328125,0.3588579595088959,-0.20083802938461304,-0.010209952481091022
1669502677312165600,2.23616552734375,0.4229961931705475,-0.1955183744430542,-0.006569411139935255
1669502677322097000,2.246096923828125,0.4863748848438263,-0.15331925451755524,-0.012829171493649483
1669502677332026600,2.256026611328125,0.5452536344528198,-0.1102178543806076,-0.025159873068332672
1669502677341958100,2.265958251953125,0.5629215240478516,-0.10156984627246857,-0.028647955507040024
1669502677351889200,2.27588916015625,0.5265557765960693,-0.11449816077947617,-0.0310240276157856
1669502677361820200,2.285820068359375,0.4675140678882599,-0.10970017313957214,-0.027694694697856903
1669502677371751200,2.295751220703125,0.37244588136672974,-0.11962230503559113,-0.02761559933423996
1669502677381682200,2.30568212890625,0.24012888967990875,-0.08895038068294525,-0.03809617832303047
1669502677391613000,2.315613037109375,0.07990460842847824,-0.04368356987833977,-0.06377784162759781
1669502677401544200,2.325544189453125,-0.08920285105705261,-0.0248528141528368,-0.08726198971271515
1669502677411474200,2.33547412109375,-0.2556248605251312,0.005833459552377462,-0.1101667732000351
1669502677421405200,2.3454052734375,-0.38074585795402527,0.03577176108956337,-0.1352968066930771
1669502677431336200,2.355336181640625,-0.511990487575531,0.05339762941002846,-0.1501931995153427
1669502677441267000,2.365266845703125,-0.6710648536682129,0.1310068815946579,-0.16615229845046997
1669502677451198200,2.3751982421875,-0.8087939620018005,0.25624579191207886,-0.18626663088798523
1669502677461129200,2.385129150390625,-0.9143843054771423,0.3347852826118469,-0.21573853492736816
1669502677471060000,2.39506005859375,-0.9620554447174072,0.39095693826675415,-0.238501638174057
1669502677480990200,2.404990234375,-0.9231424331665039,0.3935774862766266,-0.24271230399608612
1669502677490921000,2.4149208984375,-0.7842473983764648,0.2792317271232605,-0.2118483930826187
1669502677500852200,2.424852294921875,-0.5994375944137573,0.07701367139816284,-0.1590624749660492
1669502677510783200,2.434783203125,-0.42364659905433655,-0.050109125673770905,-0.1361241340637207
1669502677520714000,2.4447138671875,-0.32331374287605286,-0.13985034823417664,-0.15375426411628723
1669502677530645200,2.454645263671875,-0.2546020746231079,-0.15614543855190277,-0.20297321677207947
1669502677540576300,2.464576171875,-0.16809381544589996,-0.1519310176372528,-0.2706013023853302
1669502677550507000,2.474507080078125,-0.04658762365579605,-0.2413000464439392,-0.30666714906692505
1669502677560437200,2.484437255859375,0.022624332457780838,-0.3661033511161804,-0.31851428747177124
1669502677570368000,2.494367919921875,0.012725629843771458,-0.4069144129753113,-0.30432629585266113
1669502677580299300,2.50429931640625,-0.045368410646915436,-0.3950482904911041,-0.2551307678222656
1669502677590230300,2.514230224609375,-0.15932613611221313,-0.37131181359291077,-0.21476684510707855
1669502677600161000,2.5241611328125,-0.25015878677368164,-0.2910054922103882,-0.18951286375522614
1669502677610092300,2.53409228515625,-0.27637654542922974,-0.18181933462619781,-0.1648077815771103
1669502677620023000,2.54402294921875,-0.2735898196697235,-0.12687934935092926,-0.12257970124483109
1669502677629954000,2.5539541015625,-0.23122209310531616,-0.11422348022460938,-0.06761631369590759
1669502677639884000,2.563884033203125,-0.1484224945306778,-0.12776267528533936,-0.024524036794900894
1669502677649815000,2.57381494140625,-0.07664471864700317,-0.13394680619239807,-0.013018116354942322
1669502677659746000,2.58374609375,-0.057428985834121704,-0.19815325736999512,-0.08881836384534836
1669502677669677000,2.593677001953125,-0.04359067231416702,-0.18551336228847504,-0.18571214377880096
1669502677679608000,2.603608154296875,-0.08247551321983337,-0.3318250775337219,-0.3544272482395172
1669502677689539000,2.6135390625,-0.024380257353186607,-0.28361761569976807,-0.4384244382381439
1669502677699470000,2.623469970703125,0.07818052172660828,-0.18853574991226196,-0.41449615359306335
1669502677709401000,2.633401123046875,0.19140055775642395,-0.08982008695602417,-0.25683432817459106
1669502677719331000,2.6433310546875,0.2782684862613678,-0.014001651667058468,-0.04188794642686844
1669502677729262000,2.653261962890625,0.2721751630306244,0.016079019755125046,0.12952108681201935
1669502677739193000,2.663193115234375,0.18444746732711792,0.01947428099811077,0.22218915820121765
1669502677749124000,2.6731240234375,-0.059269845485687256,0.05216431990265846,0.1989448219537735
1669502677759055000,2.68305517578125,-0.3539370596408844,0.142354816198349,0.10913655161857605
1669502677768986000,2.692986083984375,-0.5735109448432922,0.30426356196403503,-0.047102849930524826
1669502677778917000,2.702917236328125,-0.5768534541130066,0.3795822858810425,-0.15886719524860382
1669502677788847000,2.71284716796875,-0.4591670632362366,0.34861958026885986,-0.1993112862110138
1669502677798778000,2.722778076171875,-0.28176286816596985,0.2833200693130493,-0.1748301088809967
1669502677808709000,2.732709228515625,-0.11989515274763107,0.22977931797504425,-0.13251887261867523
1669502677818640000,2.742639892578125,-0.0030307001434266567,0.2277413159608841,-0.07088001817464828
1669502677828571100,2.752571044921875,-0.015514533966779709,0.19472503662109375,-0.038558829575777054
1669502677838502100,2.762502197265625,-0.18545927107334137,0.10609644651412964,-0.04298282042145729
1669502677848433000,2.772432861328125,-0.40417537093162537,0.04936738684773445,-0.07002082467079163
1669502677858364200,2.7823642578125,-0.546472430229187,0.07559435069561005,-0.08732346445322037
1669502677868294000,2.7922939453125,-0.5876150727272034,0.1437971144914627,-0.09919556975364685
1669502677878225200,2.80222509765625,-0.5938699245452881,0.2823958694934845,-0.12265463173389435
1669502677888156200,2.81215625,-0.5560296177864075,0.47058042883872986,-0.14171567559242249
1669502677898087000,2.8220869140625,-0.4891924262046814,0.6475667357444763,-0.15109634399414062
1669502677908018200,2.83201806640625,-0.363469660282135,0.6809859871864319,-0.12154324352741241
1669502677917949200,2.84194921875,-0.23014292120933533,0.5745003819465637,-0.11865612864494324
1669502677927880000,2.8518798828125,-0.16711334884166718,0.4277772605419159,-0.16393892467021942
1669502677937811200,2.861811279296875,-0.1659390777349472,0.27488285303115845,-0.1998133361339569
1669502677947741000,2.871740966796875,-0.15687553584575653,0.19547510147094727,-0.2158346325159073
1669502677957672200,2.881672119140625,-0.0919303148984909,0.23566068708896637,-0.229657381772995
1669502677967603200,2.891603271484375,0.02301810495555401,0.310354620218277,-0.25767064094543457
1669502677977534000,2.901533935546875,0.11577743291854858,0.3808768391609192,-0.29735487699508667
1669502677987465200,2.91146533203125,0.16949951648712158,0.47578978538513184,-0.30605223774909973
1669502677997396000,2.92139599609375,0.26876115798950195,0.5905787348747253,-0.2456330507993698
1669502678007327000,2.931326904296875,0.4167860448360443,0.5856242179870605,-0.13390865921974182
1669502678017257200,2.94125732421875,0.5566632747650146,0.4794495403766632,-0.04000558704137802
1669502678027188000,2.95118798828125,0.6214891672134399,0.30722957849502563,-0.0008374108001589775
1669502678037119200,2.961119140625,0.6143394112586975,0.11671717464923859,0.003242046106606722
1669502678047050000,2.971050048828125,0.5871447920799255,-0.0436788946390152,-0.01753620244562626
1669502678056981000,2.98098095703125,0.49603548645973206,-0.1447947770357132,-0.07558915764093399
1669502678066912300,2.990912353515625,0.3724677562713623,-0.15434646606445312,-0.1256169080734253
1669502678076843000,3.000843017578125,0.27413687109947205,-0.11077369749546051,-0.13852854073047638
1669502678086774000,3.01077392578125,0.20895014703273773,-0.04981366917490959,-0.12104328721761703
1669502678096704000,3.0207041015625,0.10323413461446762,-0.03238217160105705,-0.11585737764835358
1669502678106635000,3.030635009765625,-0.04914741590619087,-0.030071083456277847,-0.09006386250257492
1669502678116566300,3.040566162109375,-0.23912164568901062,-0.044828541576862335,-0.03641275316476822
1669502678126497000,3.0504970703125,-0.4433184862136841,-0.027495887130498886,0.040156587958335876
1669502678136428000,3.060427978515625,-0.6257562637329102,0.05097323656082153,0.10256574302911758
1669502678146359300,3.070359375,-0.7501746416091919,0.1878807544708252,0.15475384891033173
1669502678156290000,3.0802900390625,-0.8243926763534546,0.38258662819862366,0.17195478081703186
1669502678166221000,3.090220947265625,-0.8460380434989929,0.5944573283195496,0.17608800530433655
1669502678176151000,3.100151123046875,-0.7776272892951965,0.7942308783531189,0.16199961304664612
1669502678186082000,3.11008203125,-0.6270492076873779,0.8989192247390747,0.15482400357723236
1669502678196013300,3.120013427734375,-0.4085928499698639,0.8534291982650757,0.1481768935918808
1669502678205944000,3.129944091796875,-0.12184921652078629,0.6964172124862671,0.11486341804265976
1669502678215875000,3.139875,0.12231774628162384,0.4085746109485626,0.08047833293676376
1669502678225806000,3.14980615234375,0.1564224511384964,0.035956282168626785,0.06019756197929382
1669502678235737000,3.159737060546875,0.0954613983631134,-0.23960255086421967,0.02646075189113617
1669502678245667300,3.169667236328125,0.044556666165590286,-0.3558972179889679,-0.01789659447968006
1669502678255598000,3.17959814453125,0.015546262264251709,-0.33669930696487427,-0.02567402832210064
1669502678265529000,3.189529052734375,0.0019763908348977566,-0.27824667096138,-0.029443733394145966
1669502678275460000,3.199460205078125,-0.015544750727713108,-0.3880317211151123,-0.11090482771396637
1669502678285391000,3.20939111328125,-0.0032912809401750565,-0.2582217752933502,-0.10733512789011002
1669502678295322000,3.219322021484375,0.002381127793341875,-0.15649473667144775,-0.08749128878116608
1669502678305253000,3.229253173828125,-0.002335064113140106,-0.07889394462108612,-0.04339360073208809
1669502678315184000,3.23918408203125,-0.012344788759946823,-0.11139032989740372,-0.049397315829992294
1669502678325114000,3.249114013671875,-0.04607505351305008,-0.1371002197265625,-0.07567232847213745
1669502678335045000,3.259045166015625,-0.07006096839904785,-0.0649217814207077,-0.10269837081432343
1669502678344975400,3.268975341796875,-0.054206639528274536,-0.00852401927113533,-0.10833495110273361
1669502678354906600,3.27890673828125,-0.04596961289644241,0.01811409182846546,-0.09271330386400223
1669502678364837600,3.288837646484375,-0.03428366407752037,-0.008230429142713547,-0.06004137173295021
1669502678374768400,3.298768310546875,-0.02218315377831459,-0.03524378687143326,-0.01942398026585579
1669502678384699600,3.30869970703125,-0.015171051025390625,-0.0432409942150116,-0.007225902285426855
1669502678394630700,3.318630615234375,-0.00562963355332613,-0.031756795942783356,-0.021064765751361847
1669502678404560600,3.328560546875,-0.0059875622391700745,-0.00868130475282669,-0.03731191158294678
1669502678414491600,3.33849169921875,-0.012376343831419945,-0.006592167541384697,-0.0482584685087204
1669502678424422400,3.34842236328125,-0.01722542755305767,-0.028794409707188606,-0.04304719343781471
1669502678434353700,3.358353759765625,-0.017159633338451385,-0.05609314516186714,-0.03724851459264755
1669502678444284700,3.36828466796875,-0.011035161092877388,-0.07246199995279312,-0.023126572370529175
1669502678454215400,3.37821533203125,-0.013044917955994606,-0.07595133781433105,-0.01552516594529152
1669502678464146700,3.388146728515625,-0.000042300205677747726,-0.0602104589343071,-0.004029631614685059
1669502678474076400,3.398076416015625,-0.0034634959883987904,-0.02034948766231537,-0.0037152098957449198
1669502678484007700,3.408007568359375,-0.0046059926971793175,0.001426114235073328,0.0011325422674417496
1669502678493938700,3.417938720703125,-0.007245556451380253,-0.01030544750392437,0.0018215375021100044
1669502678503869400,3.427869384765625,-0.016067543998360634,-0.024254553020000458,0.00841312762349844
1669502678513800700,3.43780078125,-0.010155469179153442,-0.04460977762937546,0.0005340650677680969
1669502678523731500,3.4477314453125,-0.015763552859425545,-0.05274147540330887,-0.01244964450597763
1669502678533662500,3.457662353515625,-0.02401156537234783,-0.04949260503053665,-0.001958427019417286
1669502678543593700,3.46759375,-0.04354611784219742,-0.03980988264083862,0.02187766507267952
1669502678553523500,3.4775234375,-0.0887470543384552,-0.03884654864668846,0.0829693004488945
1669502678563454700,3.487454833984375,-0.08913055062294006,-0.10725143551826477,0.12493565678596497
1669502678573385500,3.497385498046875,-0.07725749164819717,-0.18571729958057404,0.14068615436553955
1669502678583316500,3.50731640625,-0.06357230991125107,-0.15758658945560455,0.16284579038619995
1669502678593247700,3.517247802734375,-0.03855874016880989,-0.09444455802440643,0.18791337311267853
1669502678603178500,3.527178466796875,-0.04516018182039261,-0.018828095868229866,0.24821294844150543
1669502678613109500,3.537109619140625,-0.0300429817289114,0.06778459250926971,0.3030563294887543
1669502678623040800,3.547040771484375,0.01237877644598484,0.11385515332221985,0.32960405945777893
1669502678632970500,3.556970458984375,0.08475030213594437,0.2299182265996933,0.30050864815711975
1669502678642901800,3.56690185546875,0.13696877658367157,0.3045192360877991,0.2026984691619873
1669502678652832500,3.57683251953125,0.12932078540325165,0.3224141299724579,0.1004425436258316
1669502678662763500,3.586763427734375,0.10422953963279724,0.2677796483039856,0.041228484362363815
1669502678672694800,3.59669482421875,0.08289429545402527,0.20229429006576538,-0.0037189158610999584
1669502678682625500,3.60662548828125,0.05125194787979126,0.1835927665233612,-0.03713013604283333
1669502678692556500,3.616556640625,-0.0023387602996081114,0.12036673724651337,-0.06594779342412949
1669502678702486500,3.626486572265625,-0.03886587545275688,0.04495001211762428,-0.09642234444618225
1669502678712417500,3.63641748046875,-0.03245211020112038,0.010556691326200962,-0.11698394268751144
1669502678722348500,3.6463486328125,-0.01916533336043358,-0.014738545753061771,-0.13284146785736084
1669502678732279600,3.656279541015625,0.0037537210155278444,-0.03838939219713211,-0.15455234050750732
1669502678742210600,3.66621044921875,0.020293282344937325,-0.05233050882816315,-0.16777333617210388
1669502678752141600,3.6761416015625,0.02298026904463768,-0.043194957077503204,-0.16743895411491394
1669502678762072600,3.686072509765625,0.03266166150569916,-0.028504427522420883,-0.1412891000509262
1669502678772003600,3.696003662109375,0.07425662875175476,0.010891560465097427,-0.10147414356470108
1669502678781933600,3.70593359375,0.15360711514949799,0.043476402759552,-0.06284632533788681
1669502678791864600,3.715864501953125,0.24039433896541595,0.08142953366041183,-0.0438506118953228
1669502678801795600,3.725795654296875,0.290840208530426,0.094241201877594,-0.04800327867269516
1669502678811726600,3.7357265625,0.3259877860546112,0.11805359274148941,-0.03705626726150513
1669502678821657600,3.74565771484375,0.3678119480609894,0.09312347322702408,-0.029529105871915817
1669502678831588600,3.755588623046875,0.40929877758026123,0.018036557361483574,-0.016646254807710648
1669502678841519600,3.76551953125,0.4385834336280823,-0.06334245204925537,0.011118265800178051
1669502678851450600,3.77545068359375,0.4492693245410919,-0.13422761857509613,0.06377432495355606
1669502678861380600,3.785380615234375,0.4300535321235657,-0.2291988730430603,0.13754680752754211
1669502678871311600,3.7953115234375,0.3873581886291504,-0.3078519403934479,0.2271472066640854
1669502678881242600,3.80524267578125,0.36771658062934875,-0.3029397428035736,0.32388362288475037
1669502678891173600,3.815173583984375,0.3737582564353943,-0.278972327709198,0.41526007652282715
1669502678901104400,3.8251044921875,0.40377846360206604,-0.25884467363357544,0.503960132598877
1669502678911035600,3.83503564453125,0.4744056761264801,-0.2208441197872162,0.5781686902046204
1669502678920966700,3.844966552734375,0.5453634858131409,-0.19452117383480072,0.6320223808288574
1669502678930896600,3.854896728515625,0.6074116230010986,-0.2104930579662323,0.6734409928321838
1669502678940827600,3.86482763671875,0.6605802774429321,-0.25902464985847473,0.6902609467506409
1669502678950758400,3.87475830078125,0.6980018615722656,-0.23706530034542084,0.6589043736457825
1669502678960689700,3.884689697265625,0.7103951573371887,-0.19603905081748962,0.5630928874015808
1669502678970620700,3.89462060546875,0.6726710796356201,-0.11298426985740662,0.39902830123901367
1669502678980551400,3.904551513671875,0.6310887336730957,0.02574058808386326,0.16391192376613617
1669502678990482700,3.914482666015625,0.5807774662971497,0.11209423094987869,-0.07516973465681076
1669502679000413700,3.92441357421875,0.5054305195808411,0.1591927707195282,-0.24907122552394867
1669502679010343400,3.934343505859375,0.47637587785720825,0.18832950294017792,-0.32764992117881775
1669502679020274700,3.944274658203125,0.4436171352863312,0.191984161734581,-0.31661590933799744
1669502679030205400,3.954205322265625,0.44225937128067017,0.15173785388469696,-0.24066685140132904
1669502679040136400,3.964136474609375,0.48336657881736755,0.10599646717309952,-0.11192379891872406
1669502679050067700,3.974067626953125,0.5478423833847046,0.06832993030548096,0.050546709448099136
1669502679059998500,3.98399853515625,0.6093965768814087,0.06494159251451492,0.2069949060678482
1669502679069929500,3.993929443359375,0.6574565172195435,0.07060351222753525,0.3324430286884308
1669502679079860700,4.00386083984375,0.7013326287269592,0.07856876403093338,0.38773345947265625
1669502679089790500,4.01379052734375,0.7179031372070312,0.005236533470451832,0.37839025259017944
1669502679099721700,4.0237216796875,0.6944265961647034,-0.04515047371387482,0.3019985258579254
1669502679109652500,4.033652587890625,0.6447713971138,-0.04775318130850792,0.1684338003396988
1669502679119583500,4.04358349609375,0.6079564094543457,-0.04239623248577118,0.01637769117951393
1669502679129514500,4.053514404296875,0.5945187211036682,-0.07664196938276291,-0.09364700317382812
1669502679139445500,4.063445556640625,0.5798827409744263,-0.12816348671913147,-0.1901881843805313
1669502679149376500,4.07337646484375,0.5693076848983765,-0.09718479961156845,-0.33201101422309875
1669502679159306500,4.083306396484375,0.5587594509124756,-0.02696283720433712,-0.5177779793739319
1669502679169237500,4.093237548828125,0.5449654459953308,0.06220825016498566,-0.6875783801078796
1669502679179168500,4.10316845703125,0.5217394828796387,0.17448285222053528,-0.8782415390014648
1669502679189099500,4.113099609375,0.4874127507209778,0.3058699369430542,-1.076883316040039
1669502679199030500,4.123030517578125,0.419435054063797,0.4173370599746704,-1.316503882408142
1669502679208961500,4.13296142578125,0.33844757080078125,0.5745590329170227,-1.4866056442260742
1669502679218892500,4.142892578125,0.2921370565891266,0.7662402987480164,-1.4099563360214233
1669502679228823600,4.152823486328125,0.22098906338214874,0.7315706610679626,-1.2700281143188477
1669502679238753500,4.16275341796875,0.1187220886349678,0.6352065801620483,-1.1799144744873047
1669502679248684500,4.1726845703125,0.06084451451897621,0.4766623079776764,-1.0804100036621094
1669502679258615600,4.182615478515625,0.10283803939819336,0.32689037919044495,-0.9174485206604004
1669502679268546600,4.192546630859375,0.22339209914207458,0.16890710592269897,-0.702589213848114
1669502679278477600,4.2024775390625,0.3759816288948059,0.030872540548443794,-0.4864731729030609
1669502679288408600,4.21240869140625,0.5415114760398865,-0.0689542293548584,-0.25359663367271423
1669502679298339600,4.222339599609375,0.6739214658737183,-0.12617065012454987,-0.08670538663864136
1669502679308270300,4.232270263671875,0.7354717254638672,-0.10906021296977997,0.03739313781261444
1669502679318200600,4.24220068359375,0.7215588688850403,-0.07126676291227341,0.15770171582698822
1669502679328131600,4.252131591796875,0.7063663005828857,-0.03799109533429146,0.27233099937438965
1669502679338062600,4.2620625,0.7006439566612244,-0.031058356165885925,0.37342432141304016
1669502679347993600,4.27199365234375,0.6297168135643005,-0.03888062760233879,0.4182252287864685
1669502679357924600,4.281924560546875,0.545623242855072,-0.05079667642712593,0.3901805579662323
1669502679367855900,4.29185595703125,0.49705660343170166,-0.03441173583269119,0.3480006754398346
1669502679377786600,4.30178662109375,0.4550071656703949,-0.007189436815679073,0.3032044470310211
1669502679387716900,4.311716796875,0.4177933931350708,0.0397380068898201,0.26213282346725464
1669502679397647600,4.321647705078125,0.3898831903934479,0.05503733456134796,0.2824958860874176
1669502679407578600,4.33157861328125,0.35783299803733826,0.05168856307864189,0.3074738085269928
1669502679417510000,4.341510009765625,0.3072590231895447,0.04783923178911209,0.32677799463272095
1669502679427440600,4.351440673828125,0.2615756094455719,0.047612786293029785,0.33753523230552673
1669502679437371600,4.36137158203125,0.20896697044372559,0.03953515365719795,0.3499913513660431
1669502679447302700,4.371302734375,0.14206911623477936,0.053121503442525864,0.35843712091445923
1669502679457233700,4.381233642578125,0.07582617551088333,0.09794729202985764,0.3690010905265808
1669502679467164700,4.39116455078125,0.008226578123867512,0.11383883655071259,0.3729441165924072
1669502679477095700,4.401095703125,-0.023921770974993706,0.09475648403167725,0.3612733483314514
1669502679487026700,4.411026611328125,-0.0034456069115549326,0.04280288517475128,0.3455331027507782
1669502679496956700,4.420956787109375,0.031244195997714996,-0.04041796922683716,0.31840240955352783
1669502679506887700,4.4308876953125,0.08026837557554245,-0.1446583867073059,0.3055904507637024
1669502679516818700,4.440818603515625,0.1508711725473404,-0.24650938808918,0.3214128315448761
1669502679526749700,4.450749755859375,0.22117526829242706,-0.3732169270515442,0.3642718195915222
1669502679536680700,4.4606806640625,0.26392728090286255,-0.4498448669910431,0.4785219728946686
1669502679546611700,4.47061181640625,0.2545680105686188,-0.48510172963142395,0.5645567178726196
1669502679556542700,4.480542724609375,0.25742238759994507,-0.5104702115058899,0.6581511497497559
1669502679566472700,4.49047265625,0.2548920214176178,-0.48778972029685974,0.7339585423469543
1669502679576403700,4.50040380859375,0.24386680126190186,-0.42578279972076416,0.7894537448883057
1669502679586334700,4.510334716796875,0.25213444232940674,-0.38931307196617126,0.8080528378486633
1669502679596265700,4.520265625,0.25238317251205444,-0.32773974537849426,0.7906283140182495
1669502679606196700,4.53019677734375,0.23753058910369873,-0.2653481662273407,0.7255222201347351
1669502679616127700,4.540127685546875,0.20456092059612274,-0.19034609198570251,0.6344519853591919
1669502679626058500,4.55005859375,0.13585074245929718,-0.09887723624706268,0.5112761855125427
1669502679635989800,4.55998974609375,0.02957144007086754,-0.01216976996511221,0.36695122718811035
1669502679645919700,4.569919677734375,-0.0918770506978035,0.11205326020717621,0.24115140736103058
1669502679655850800,4.579850830078125,-0.16764399409294128,0.25026893615722656,0.13216766715049744
1669502679665781800,4.58978173828125,-0.19903232157230377,0.342745304107666,0.06649595499038696
1669502679675712500,4.59971240234375,-0.19830261170864105,0.3712259531021118,0.0366605669260025
1669502679685643800,4.609643798828125,-0.1795593947172165,0.3647945523262024,0.028888676315546036
1669502679695574800,4.61957470703125,-0.1533123403787613,0.3403312861919403,0.047896720468997955
1669502679705505500,4.629505615234375,-0.12012150883674622,0.3119328022003174,0.08825016766786575
1669502679715435800,4.639435791015625,-0.06861996650695801,0.245656818151474,0.13049748539924622
1669502679725366500,4.649366455078125,-0.011912981048226357,0.15919573605060577,0.14719828963279724
1669502679735297800,4.6592978515625,0.03882396221160889,0.08375024795532227,0.11471571028232574
1669502679745228800,4.669228759765625,0.06554122269153595,0.061693303287029266,0.07945520430803299
1669502679755159600,4.67915966796875,0.06926432251930237,0.08843463659286499,0.05413040891289711
1669502679765090800,4.6890908203125,0.09286732226610184,0.11731844395399094,0.04350099712610245
1669502679775021800,4.699021728515625,0.07281798124313354,0.10787088423967361,0.04314493387937546
1669502679784952600,4.70895263671875,0.06678908318281174,0.037630196660757065,-0.0027076490223407745
1669502679794882800,4.7188828125,0.08366606384515762,-0.02065308764576912,-0.06878519803285599
1669502679804813600,4.7288134765625,0.09451539814472198,-0.04889762029051781,-0.11251740157604218
1669502679814744800,4.738744873046875,0.0846414566040039,-0.0878940224647522,-0.12433890998363495
1669502679824675800,4.74867578125,0.07688870280981064,-0.24701416492462158,-0.08418785035610199
1669502679834606600,4.758606689453125,0.0775049552321434,-0.3986833095550537,-0.03906964138150215
1669502679844537900,4.768537841796875,0.08486267179250717,-0.4306456446647644,-0.04607134312391281
1669502679854468600,4.778468505859375,0.10135190188884735,-0.3163563311100006,-0.09461543709039688
1669502679864399600,4.788399658203125,0.05429413914680481,-0.19271717965602875,-0.15811094641685486
1669502679874329900,4.798329833984375,-0.02933870628476143,-0.28797340393066406,-0.20630669593811035
1669502679884260600,4.808260498046875,-0.006775914691388607,-0.30829089879989624,-0.1630641669034958
1669502679894191600,4.818191650390625,0.02898048423230648,-0.20783008635044098,-0.07293746620416641
1669502679904122600,4.82812255859375,0.030895056203007698,-0.0861407145857811,0.0019749263301491737
1669502679914053600,4.8380537109375,0.02176307700574398,-0.002729977946728468,0.03302978351712227
1669502679923984600,4.847984619140625,0.010692931711673737,0.05054481327533722,0.015099944546818733
1669502679933915600,4.85791552734375,0.007261182181537151,0.061113301664590836,-0.008827758952975273
1669502679943845600,4.867845703125,0.005975330248475075,0.03250368684530258,-0.012931030243635178
1669502679953776600,4.877776611328125,-0.001346498727798462,-0.002510756254196167,-0.0013425513170659542
1669502679963707600,4.887707763671875,0.0012029134668409824,-0.0076592182740569115,0.009291336871683598
1669502679973638700,4.897638671875,0.0003070260863751173,0.021424897015094757,0.01601528748869896
1669502679983569700,4.907569580078125,0.00350579502992332,0.15226763486862183,0.05123508721590042
1669502679993500700,4.917500732421875,0.022675760090351105,0.4598528742790222,0.14904367923736572
1669502680003431700,4.927431640625,0.03615698218345642,0.5101835131645203,0.17167721688747406
1669502680013362700,4.93736279296875,0.04085826128721237,0.41928932070732117,0.10710088908672333
1669502680023292700,4.947292724609375,0.027200568467378616,0.24640223383903503,0.02023836225271225
1669502680033223700,4.9572236328125,0.010427446104586124,0.20178763568401337,0.006209361366927624
1669502680043154700,4.96715478515625,0.004968875087797642,0.19404008984565735,0.03019697405397892
1669502680053085700,4.977085693359375,0.000920870341360569,0.16522441804409027,0.053209081292152405
1669502680063016700,4.9870166015625,0.004859856329858303,0.15932726860046387,0.07156777381896973
1669502680072947700,4.99694775390625,0.02255230024456978,0.20474109053611755,0.08334693312644958
1669502680082878500,5.00687841796875,0.014332636259496212,0.28772932291030884,0.0923200324177742
1669502680092809700,5.016809814453125,-0.02001947909593582,0.32921576499938965,0.10418494790792465
1669502680102739700,5.02673974609375,-0.07110827416181564,0.29648688435554504,0.10864973068237305
1669502680112670700,5.036670654296875,-0.12480799108743668,0.2276768982410431,0.09545855969190598
1669502680122601700,5.046601806640625,-0.19206850230693817,0.13678134977817535,0.061461977660655975
1669502680132532500,5.056532470703125,-0.2504607141017914,0.025376800447702408,0.02730347216129303
1669502680142463700,5.066463623046875,-0.25396275520324707,-0.1110776737332344,0.023341868072748184
1669502680152394800,5.076394775390625,-0.2120339274406433,-0.12034893780946732,0.015892207622528076
1669502680162325500,5.086325439453125,-0.15849711000919342,-0.045297522097826004,0.009979156777262688
1669502680172256800,5.0962568359375,-0.1340671330690384,0.026123128831386566,0.010008983314037323
1669502680182186500,5.1061865234375,-0.13131102919578552,0.028524236753582954,-0.01625502109527588
1669502680192117800,5.11611767578125,-0.11108032613992691,0.057707954198122025,-0.042289551347494125
1669502680202048800,5.126048828125,-0.0650993138551712,0.09503478556871414,-0.041299063712358475
1669502680211979500,5.1359794921875,-0.027559397742152214,0.11939018964767456,-0.0351700633764267
1669502680221910800,5.145910888671875,-0.04728654772043228,0.05485000088810921,-0.04312071204185486
1669502680231841800,5.155841796875,-0.11191853135824203,0.0031202291138470173,-0.06588993966579437
1669502680241772500,5.1657724609375,-0.1960243582725525,0.02587401121854782,-0.07889255881309509
1669502680251702800,5.175702880859375,-0.2790217697620392,0.11800074577331543,-0.06859331578016281
1669502680261633500,5.185633544921875,-0.33161330223083496,0.21541441977024078,-0.05900510773062706
1669502680271564800,5.195564697265625,-0.37371841073036194,0.25438791513442993,-0.05479598417878151
1669502680281495800,5.205495849609375,-0.41302889585494995,0.2253338098526001,-0.06163006275892258
1669502680291426600,5.215426513671875,-0.4172247052192688,0.25223520398139954,-0.09068088233470917
1669502680301357800,5.22535791015625,-0.3852027654647827,0.30836352705955505,-0.11713756620883942
1669502680311288600,5.23528857421875,-0.3531883656978607,0.32144632935523987,-0.12672866880893707
1669502680321219600,5.245219482421875,-0.3226567506790161,0.3342660367488861,-0.12012798339128494
1669502680331149600,5.255149658203125,-0.29165568947792053,0.36080285906791687,-0.09235280752182007
1669502680341081300,5.265081298828125,-0.24924422800540924,0.356285959482193,-0.05580557510256767
1669502680351012400,5.275012451171875,-0.2010282278060913,0.26891934871673584,-0.03183339536190033
1669502680360943400,5.284943359375,-0.08482003211975098,0.09245413541793823,-0.0732564851641655
1669502680370874400,5.294874267578125,0.07087954878807068,-0.030275506898760796,-0.1631951630115509
1669502680380805400,5.304805419921875,0.22934561967849731,-0.11712731420993805,-0.2697286903858185
1669502680390736400,5.314736328125,0.37177520990371704,-0.17232292890548706,-0.35733869671821594
1669502680400666400,5.324666259765625,0.4673275947570801,-0.2315598428249359,-0.42935091257095337
1669502680410597400,5.334597412109375,0.5144197344779968,-0.3051280677318573,-0.4906664788722992
1669502680420528400,5.3445283203125,0.4912260174751282,-0.3663719594478607,-0.5305742621421814
1669502680430459100,5.354459228515625,0.4468415081501007,-0.3323066532611847,-0.5619233846664429
1669502680440390400,5.364390380859375,0.32166337966918945,-0.2889048159122467,-0.5388258099555969
1669502680450321400,5.3743212890625,0.1214786171913147,-0.26780566573143005,-0.47250163555145264
1669502680460252200,5.384252197265625,-0.09801163524389267,-0.21597601473331451,-0.3880114257335663
1669502680470183400,5.394183349609375,-0.24096666276454926,-0.1088104099035263,-0.38037481904029846
1669502680480113200,5.404113037109375,-0.3773045837879181,-0.003153792582452297,-0.3973657190799713
1669502680490044400,5.41404443359375,-0.4930671155452728,0.13402269780635834,-0.39729487895965576
1669502680499975400,5.423975341796875,-0.635137140750885,0.20400555431842804,-0.3523007333278656
1669502680509906200,5.43390625,-0.7548020482063293,0.2887617349624634,-0.2850465774536133
1669502680519837400,5.44383740234375,-0.8724902868270874,0.35780656337738037,-0.22111627459526062
1669502680529768400,5.4537685546875,-0.969793438911438,0.4029282331466675,-0.16610974073410034
1669502680539699200,5.46369921875,-1.0219345092773438,0.39009836316108704,-0.13796277344226837
1669502680549630500,5.47363037109375,-1.0503416061401367,0.3559268116950989,-0.11397142708301544
1669502680559560200,5.483560302734375,-1.0390255451202393,0.32369187474250793,-0.09688688814640045
1669502680569491500,5.493491455078125,-0.9705736041069031,0.3355568051338196,-0.11150338500738144
1669502680579422500,5.50342236328125,-0.8859332799911499,0.2751227021217346,-0.10823660343885422
1669502680589353200,5.513353271484375,-0.7650710344314575,0.21586020290851593,-0.0996343269944191
1669502680599284500,5.523284423828125,-0.48462560772895813,0.32572776079177856,-0.15782134234905243
1669502680609215200,5.53321533203125,-0.204931378364563,0.2855105698108673,-0.22297769784927368
1669502680619146200,5.543146240234375,-0.011966997757554054,0.11906220018863678,-0.1925259530544281
1669502680629077500,5.553077392578125,0.11191873252391815,0.0006410188507288694,-0.09620768576860428
1669502680639007200,5.56300732421875,0.26753729581832886,-0.028675446286797523,-0.010053073056042194
1669502680648938500,5.5729384765625,0.46934789419174194,-0.07424452900886536,-0.047401510179042816
1669502680658869200,5.582869140625,0.5616291165351868,-0.2612535059452057,-0.07999855279922485
1669502680668800300,5.59280029296875,0.5777708292007446,-0.3094460666179657,-0.11388754844665527
1669502680678731500,5.6027314453125,0.571913480758667,-0.18217380344867706,-0.19318215548992157
1669502680688662300,5.612662353515625,0.5438253879547119,-0.08949979394674301,-0.23945751786231995
1669502680698593300,5.62259326171875,0.5320373773574829,0.0010523993987590075,-0.20940664410591125
1669502680708524500,5.632524658203125,0.5783646702766418,0.015884609892964363,-0.12085333466529846
1669502680718454300,5.642454345703125,0.6819354295730591,-0.03165852278470993,-0.03488666191697121
1669502680728385500,5.652385498046875,0.7909618020057678,-0.12564626336097717,0.013397245667874813
1669502680738316300,5.66231640625,0.8590059280395508,-0.19616715610027313,0.03097723051905632
1669502680748247300,5.672247314453125,0.8950843214988708,-0.3066502809524536,0.0033831531181931496
1669502680758178600,5.682178466796875,0.8981928825378418,-0.4968744218349457,-0.07596822828054428
1669502680768109300,5.692109375,0.9052055478096008,-0.713339626789093,-0.21495860815048218
1669502680778040300,5.702040283203125,0.888649046421051,-0.841685950756073,-0.37773898243904114
1669502680787970300,5.71197021484375,0.8883337378501892,-0.8191239237785339,-0.5766749978065491
1669502680797901300,5.7219013671875,0.9212237596511841,-0.6399845480918884,-0.7526073455810547
1669502680807832600,5.73183251953125,0.9558768272399902,-0.4368453025817871,-0.8136253952980042
1669502680817763300,5.741763427734375,0.9186861515045166,-0.3213707506656647,-0.7591121196746826
1669502680827694300,5.7516943359375,0.7183751463890076,-0.2526521682739258,-0.6136339902877808
1669502680837625300,5.761625244140625,0.6610902547836304,-0.02990535832941532,-0.5119428038597107
1669502680847556400,5.771556396484375,0.623528003692627,0.059369392693042755,-0.3748778998851776
1669502680857487400,5.7814873046875,0.4598480463027954,-0.030757226049900055,-0.155337393283844
1669502680867417300,5.791417236328125,0.2927538752555847,-0.17289572954177856,0.08510664105415344
1669502680877348400,5.801348388671875,0.18984274566173553,-0.21435658633708954,0.26205766201019287
1669502680887279400,5.811279296875,0.05998940393328667,-0.1611143946647644,0.3633477985858917
1669502680897210400,5.82121044921875,-0.1293918490409851,-0.10345125198364258,0.4642770290374756
1669502680907141400,5.831141357421875,-0.23895643651485443,0.04372727498412132,0.5737889409065247
1669502680917072400,5.841072265625,-0.27956637740135193,0.13688898086547852,0.6781383156776428
1669502680927003400,5.85100341796875,-0.33381152153015137,0.005912062246352434,0.7450518608093262
1669502680936934400,5.860934326171875,-0.4037748873233795,-0.1480894833803177,0.7549542784690857
1669502680946864400,5.870864501953125,-0.4152570962905884,-0.2205841988325119,0.7035084366798401
1669502680956795400,5.88079541015625,-0.3980270028114319,-0.34150558710098267,0.6242964267730713
1669502680966726400,5.890726318359375,-0.4010355770587921,-0.50600665807724,0.5465888381004333
1669502680976657400,5.900657470703125,-0.4070248007774353,-0.5884416699409485,0.4643227756023407
1669502680986588400,5.91058837890625,-0.4009682238101959,-0.515174925327301,0.39207467436790466
1669502680996519400,5.92051953125,-0.34144070744514465,-0.2645415663719177,0.39173442125320435
1669502681006450400,5.930450439453125,-0.1916234940290451,-0.11989464610815048,0.3805728554725647
1669502681016380400,5.94038037109375,-0.07898320257663727,-0.16997560858726501,0.34502243995666504
1669502681026311400,5.9503115234375,0.00019390578381717205,-0.1998371034860611,0.30370187759399414
1669502681036242200,5.9602421875,-0.0014283405616879463,-0.1685943901538849,0.2221526950597763
1669502681046173400,5.97017333984375,-0.06491383910179138,-0.13053622841835022,0.13722315430641174
1669502681056104400,5.9801044921875,-0.12150245159864426,-0.10406321287155151,0.07572124898433685
1669502681066035200,5.99003515625,-0.15865302085876465,-0.043898943811655045,0.05995773896574974
1669502681075966500,5.999966552734375,-0.181293785572052,0.09257326275110245,0.11224498599767685
1669502681085897500,6.0098974609375,-0.14260151982307434,0.09336928278207779,0.1509401798248291
1669502681095827500,6.019827392578125,-0.07399480044841766,0.054495394229888916,0.1544632762670517
1669502681105758500,6.029758544921875,-0.011642481200397015,0.00848209485411644,0.12028133869171143
1669502681115689200,6.039689208984375,0.024937978014349937,-0.026897167786955833,0.05916670337319374
1669502681125620500,6.049620361328125,0.0346049889922142,-0.0019920847844332457,-0.018560586497187614
1669502681135551500,6.059551513671875,-0.0010422240011394024,0.08205834031105042,-0.07826972752809525
1669502681145482200,6.069482177734375,-0.04892852157354355,0.16892826557159424,-0.094968281686306
1669502681155413500,6.07941357421875,-0.059141822159290314,0.24312865734100342,-0.06803266704082489
1669502681165344500,6.089344482421875,-0.04253222048282623,0.29809415340423584,-0.03699139878153801
1669502681175274500,6.0992744140625,-0.007745759561657906,0.2843748927116394,-0.011628428474068642
1669502681185205500,6.10920556640625,0.025059856474399567,0.3444505035877228,-0.029116343706846237
1669502681195136300,6.11913623046875,0.02333875000476837,0.41983771324157715,-0.06132109835743904
1669502681205067500,6.129067626953125,-0.06282835453748703,0.20685407519340515,-0.06696167588233948
1669502681214998300,6.138998291015625,-0.07991321384906769,0.07657290250062943,-0.13031885027885437
1669502681224929300,6.14892919921875,-0.020923666656017303,0.03388562798500061,-0.20566792786121368
1669502681234860500,6.158860595703125,0.042535193264484406,0.010930216871201992,-0.23714888095855713
1669502681244790300,6.168790283203125,0.04767163097858429,-0.10319821536540985,-0.24073003232479095
1669502681254721300,6.17872119140625,0.03254541754722595,-0.18371301889419556,-0.19377292692661285
1669502681264652300,6.18865234375,0.00021757069043815136,-0.21892666816711426,-0.12247371673583984
1669502681274583300,6.198583251953125,-0.05533928424119949,-0.3154780864715576,-0.06877794861793518
1669502681284514300,6.208514404296875,-0.05717500299215317,-0.220833882689476,-0.0007182061672210693
1669502681294445300,6.2184453125,-0.040955472737550735,-0.1022363007068634,0.029751962050795555
1669502681304376300,6.228376220703125,-0.03930111601948738,-0.014574093744158745,0.017852693796157837
1669502681314307300,6.238307373046875,-0.03512843698263168,0.02812362089753151,-0.005483182147145271
1669502681324237300,6.2482373046875,-0.02072286233305931,0.012729218229651451,-0.019398199394345284
1669502681334168300,6.258168212890625,-0.011831562966108322,-0.02573210373520851,-0.027505766600370407
1669502681344098300,6.268098388671875,-0.006055166013538837,-0.05039776861667633,-0.020638007670640945
1669502681354029300,6.278029296875,-0.0046630967408418655,-0.0471646673977375,-0.01583225280046463
1669502681363960300,6.287960205078125,-0.00403246097266674,-0.024265741929411888,-0.007498953957110643
1669502681373891300,6.297891357421875,0.0014383260859176517,-0.010531938634812832,-0.0036288981791585684
1669502681383822000,6.307822021484375,0.00014775828458368778,-0.004453539848327637,-0.0061527760699391365
1669502681393753300,6.31775341796875,0.0022517675533890724,-0.0021860222332179546,-0.00773259811103344
1669502681403683300,6.327683349609375,0.0045687174424529076,0.0013386714272201061,-0.011021868325769901
1669502681413614300,6.3376142578125,0.003933669067919254,0.0008487703744322062,-0.005275339353829622
1669502681423545300,6.34754541015625,0.005936100147664547,0.005005165468901396,-0.006310776341706514
1669502681433476000,6.35747607421875,0.004153873771429062,0.006726323626935482,-0.004066071938723326
1669502681443407400,6.367407470703125,0.00015194155275821686,0.007470143958926201,0.00039658695459365845
1669502681453338400,6.37733837890625,-0.002919137943536043,0.009881457313895226,0.00559016689658165
1669502681463269000,6.38726904296875,-0.006892041768878698,0.014409895986318588,0.007917502894997597
1669502681473199400,6.397199462890625,-0.019053865224123,0.016241900622844696,0.01395150925964117
1669502681483130000,6.407130126953125,-0.022674966603517532,0.028980065137147903,0.01395497191697359
1669502681493061400,6.417061279296875,-0.022883642464876175,0.04407818242907524,0.013295533135533333
1669502681502992400,6.426992431640625,-0.017171693965792656,0.05255795270204544,0.015096096321940422
1669502681512923100,6.436923095703125,-0.00435740128159523,0.05376964807510376,0.013183604925870895
1669502681522854400,6.4468544921875,0.004419845528900623,0.03936807066202164,0.011395825073122978
1669502681532785400,6.456785400390625,0.0058055659756064415,0.01607322134077549,0.0035934457555413246
1669502681542716200,6.466716064453125,0.0003649946302175522,-0.021254977211356163,-0.0046210745349526405
1669502681552646400,6.476646484375,-0.0007278514094650745,-0.040521495044231415,-0.01685061678290367
1669502681562577200,6.4865771484375,-0.0028216284699738026,-0.031180724501609802,-0.01148328185081482
1669502681572508400,6.49650830078125,-0.0008226244244724512,-0.018600724637508392,-0.002536578569561243
1669502681582439400,6.506439453125,-0.0017371538560837507,-0.016257142648100853,-0.0056114643812179565
1669502681592370200,6.5163701171875,-0.0017073247581720352,-0.01417108066380024,-0.0046396804973483086
1669502681602301400,6.526301513671875,-0.0019600586965680122,-0.018521619960665703,-0.00528070330619812
1669502681612232200,6.536232177734375,-0.001293285982683301,-0.018965139985084534,-0.004864059388637543
1669502681622163200,6.5461630859375,-0.0018477558623999357,-0.02446989342570305,-0.0028075664304196835
1669502681632093400,6.556093505859375,-0.0005791711155325174,-0.020644381642341614,-0.005793819669634104
1669502681642024200,6.566024169921875,0.0000448077917098999,-0.017036864534020424,-0.006684646941721439
1669502681651955500,6.57595556640625,0.0025805458426475525,-0.010986052453517914,-0.0003611822612583637
1669502681661886200,6.58588623046875,0.0007730585057288408,-0.004097254015505314,-0.0009803669527173042
1669502681671817200,6.595817138671875,-0.0013802554458379745,0.0012779331300407648,0.00005795340985059738
1669502681681748500,6.60574853515625,0.00024187611415982246,0.0047224657610058784,0.001962912268936634
1669502681691679200,6.61567919921875,0.0015995221910998225,0.006112619303166866,-0.0010878224857151508
1669502681701610200,6.6256103515625,0.0006157504394650459,0.006454835645854473,0.0014248695224523544
1669502681711540200,6.635540283203125,0.0056076934561133385,0.0017094609793275595,0.002367326058447361
1669502681721471200,6.64547119140625,0.0005522146821022034,0.0019411558751016855,0.0020088646560907364
1669502681731402500,6.655402587890625,0.0016853093402460217,0.008351555094122887,0.002943755127489567
1669502681741333200,6.665333251953125,0.0018059505382552743,0.001969023374840617,0.0013975240290164948
1669502681751264300,6.67526416015625,0.003069927915930748,0.004107327666133642,0.0011485889554023743
1669502681761195500,6.685195556640625,0.0007178240921348333,0.0021115546114742756,0.005179549567401409
1669502681771126300,6.695126220703125,0.0011040586978197098,0.007463520858436823,0.004710718523710966
1669502681781057300,6.705057373046875,0.0002585051115602255,0.0032695746049284935,0.004211908672004938
1669502681790987300,6.7149873046875,0.0020631724037230015,0.003123993519693613,0.0032464824616909027
1669502681800918300,6.724918212890625,0.0012754094786942005,0.005915252026170492,0.0010866587981581688
1669502681810849500,6.734849609375,-0.00045956368558108807,0.0013283011503517628,0.004430143162608147
1669502681820780300,6.7447802734375,-0.001255848677828908,0.003889995627105236,0.0019629905000329018
1669502681830711300,6.754711181640625,-0.0010610187891870737,0.0029055799823254347,0.0018117600120604038
1669502681840642300,6.764642333984375,0.000060704536736011505,0.009733659215271473,0.016354750841856003
1669502681850573300,6.7745732421875,-0.004553490784019232,0.07163483649492264,0.1237051710486412
1669502681860503600,6.784503662109375,-0.0053513734601438046,0.0465979240834713,0.07350832223892212
1669502681870434300,6.794434326171875,-0.003965538926422596,0.009846499189734459,0.000504794530570507
1669502681880365300,6.804365234375,0.00019032415002584457,-0.019540950655937195,-0.04938872903585434
1669502681890296300,6.81429638671875,0.0030114499386399984,-0.03707302734255791,-0.046049319207668304
1669502681900227300,6.824227294921875,0.0010385802015662193,-0.04865138605237007,-0.04403436928987503
1669502681910158300,6.834158447265625,0.006354708224534988,-0.045126765966415405,-0.04723138362169266
1669502681920089300,6.84408935546875,0.000946893123909831,-0.020148176699876785,-0.017910245805978775
1669502681930020400,6.854020263671875,0.002862582914531231,0.008455591276288033,0.011536208912730217
1669502681939950300,6.863950439453125,-0.0011864870321005583,0.008043333888053894,0.008394476026296616
1669502681949881300,6.87388134765625,-0.0011110841296613216,-0.011203838512301445,-0.014067607931792736
1669502681959812400,6.883812255859375,0.0012151869013905525,-0.01664121448993683,-0.017997633665800095
1669502681969743400,6.893743408203125,-0.00010178331285715103,-0.011688567698001862,-0.0005023418925702572
1669502681979674400,6.90367431640625,-0.0032030344009399414,-0.004441307857632637,0.004184288904070854
1669502681989605400,6.91360546875,-0.0009066280908882618,0.0007515556644648314,-0.004016993101686239
1669502681999536400,6.923536376953125,0.0002811418380588293,-0.001528642955236137,-0.0055192820727825165
1669502682009467400,6.93346728515625,0.0011476562358438969,-0.004236897453665733,-0.006875512655824423
1669502682019397400,6.9433974609375,-0.0017421399243175983,-0.007279026322066784,0.0004817359149456024
1669502682029328400,6.953328369140625,-0.0008281015325337648,-0.006828633137047291,-0.002764319069683552
1669502682039259400,6.96325927734375,-0.0001260924618691206,-0.0030147205106914043,-0.006554529536515474
1669502682049190400,6.9731904296875,-0.0011994228698313236,-0.0016781574813649058,-0.007729934994131327
1669502682059121400,6.983121337890625,-0.0010383017361164093,-0.002645417582243681,-0.00069386325776577
1669502682069052200,6.99305224609375,0.0004616279620677233,0.001436709426343441,-0.00029937177896499634
1669502682078983400,7.0029833984375,0.0015916071133688092,0.00024574389681220055,0.002669787034392357
1669502682088914400,7.01291455078125,0.00009365379810333252,0.0021507716737687588,-0.0004819100722670555
1669502682098844400,7.022844482421875,-0.0006155462469905615,0.0017142794094979763,-0.00015380838885903358
1669502682108775400,7.032775390625,0.001615502405911684,0.005197297781705856,-0.00033618975430727005
1669502682118706200,7.0427060546875,0.0021643799263983965,0.004623387008905411,0.0008457209914922714
1669502682128637400,7.052637451171875,-0.0005797059275209904,0.00476271566003561,0.005925952456891537
1669502682138568400,7.062568359375,-0.00034934235736727715,0.00200075120665133,0.00284680537879467
1669502682148499200,7.072499267578125,0.0000033562537282705307,0.0005280734039843082,-0.002166170161217451
1669502682158430500,7.082430419921875,0.0015679633943364024,0.0008915949147194624,0.0005084425210952759
1669502682168361500,7.092361572265625,0.0003491230309009552,0.007323188241571188,0.0042849644087255
1669502682178291200,7.102291259765625,0.0005307507235556841,0.004072001203894615,0.0019975746981799603
1669502682188222500,7.112222412109375,0.0015591265400871634,0.0018052570521831512,-0.002039558719843626
1669502682198153200,7.1221533203125,-0.0011969786137342453,-0.00007307040505111217,-0.00031915679574012756
1669502682208084200,7.132084228515625,0.0018375844229012728,0.0024749217554926872,-0.0020171478390693665
1669502682218015500,7.142015380859375,-0.0011861685197800398,0.002976394724100828,-0.0003159204497933388
1669502682227946200,7.1519462890625,-0.0005545036401599646,-0.001295634196139872,0.0005889507010579109
1669502682237877200,7.161877197265625,0.0009616338647902012,-0.0024868662003427744,-0.0016648825258016586
1669502682247807200,7.17180712890625,-0.001127345021814108,-0.006456565111875534,-0.004673991817981005
1669502682257738200,7.18173828125,0.0006894632242619991,-0.007504252716898918,-0.0022728857584297657
1669502682267669200,7.191669189453125,-0.000020191306248307228,0.0003465574700385332,-0.00037443265318870544
1669502682277600300,7.201600341796875,-0.0010748030617833138,-0.0009469399228692055,-0.0011451514437794685
1669502682287531300,7.21153125,0.00016802200116217136,-0.0015124065103009343,-0.001956236083060503
1669502682297462300,7.221462158203125,-0.00124691566452384,0.003701530396938324,0.000029949471354484558
1669502682307393300,7.231393310546875,-0.00015786103904247284,0.0017178370617330074,0.0053039537742733955
1669502682317324300,7.24132421875,-0.0007173910271376371,-0.001927764038555324,-0.0016013565473258495
1669502682327254300,7.251254150390625,-0.0005386089906096458,-0.0018917522393167019,-0.0006182268261909485
1669502682337185300,7.261185302734375,0.00031919521279633045,0.00046887388452887535,-0.00006189290434122086
1669502682347116800,7.27111669921875,0.0017019214574247599,0.004864146001636982,0.0005935151129961014
1669502682357047800,7.2810478515625,-0.003694441867992282,0.002566636772826314,0.003907286562025547
1669502682366978600,7.290978515625,0.004123410675674677,0.005140986759215593,0.00198949733749032
1669502682376909800,7.300909912109375,0.0002770072314888239,0.003713266458362341,0.003000434022396803
1669502682386840600,7.310840576171875,0.00036290031857788563,0.005631377454847097,-0.001459329854696989
1669502682396771600,7.320771484375,0.0024545469786971807,0.002446236554533243,-0.0032550995238125324
1669502682406701800,7.330701904296875,0.00012422353029251099,0.003908474463969469,-0.0018469598144292831
1669502682416632600,7.340632568359375,-0.00037458655424416065,0.005901850759983063,0.004259402398020029
1669502682426563800,7.350563720703125,0.0010360453743487597,0.007494378834962845,0.0041100988164544106
1669502682436494600,7.36049462890625,0.0014075564686208963,0.009529300965368748,0.001591547392308712
1669502682446425600,7.370425537109375,0.0034477883018553257,0.004131047986447811,-0.0022892910055816174
1669502682456356900,7.38035693359375,0.0008778378833085299,0.0076829055324196815,0.0029965508729219437
1669502682466287600,7.39028759765625,0.0006036087870597839,0.06727436929941177,0.07369724661111832
1669502682476218600,7.400218505859375,-0.00002276664599776268,0.16087116301059723,0.1678839474916458
1669502682486148600,7.410148681640625,-0.01714954897761345,0.07216554135084152,0.043409913778305054
1669502682496079600,7.42007958984375,-0.004662518389523029,-0.07138469815254211,-0.0810430645942688
1669502682506011000,7.430010986328125,0.006433288566768169,-0.14124181866645813,-0.11781572550535202
1669502682515941600,7.439941650390625,0.007169652730226517,-0.12173788249492645,-0.10094886273145676
1669502682525872600,7.44987255859375,0.00419285474345088,-0.039566218852996826,-0.025493372231721878
1669502682535804000,7.459803955078125,0.0009637719485908747,0.021525362506508827,0.03597052022814751
